name,type11_T1.G.1_T1.G.1_gap2,type11_T1.G.1_T1.G.2_gap2,type11_T1.G.2_T1.G.1_gap2,type11_T1.G.2_T1.G.2_gap2,target
ACP_positive_1,0.0,3.0,2.0,3.0,1
ACP_positive_2,1.0,0.0,2.0,0.0,1
ACP_positive_3,2.0,1.0,2.0,2.0,1
ACP_positive_4,2.0,1.0,2.0,2.0,1
ACP_positive_5,3.0,2.0,3.0,2.0,1
ACP_positive_6,0.0,0.0,2.0,0.0,1
ACP_positive_7,0.0,2.0,2.0,1.0,1
ACP_positive_8,0.0,1.0,1.0,2.0,1
ACP_positive_9,2.0,2.0,0.0,0.0,1
ACP_positive_10,1.0,2.0,0.0,4.0,1
ACP_positive_11,1.0,1.0,2.0,3.0,1
ACP_positive_12,2.0,0.0,2.0,3.0,1
ACP_positive_13,0.0,2.0,3.0,4.0,1
ACP_positive_14,1.0,0.0,2.0,1.0,1
ACP_positive_15,0.0,0.0,2.0,1.0,1
ACP_positive_16,0.0,1.0,1.0,2.0,1
ACP_positive_17,0.0,1.0,2.0,2.0,1
ACP_positive_18,2.0,2.0,1.0,3.0,1
ACP_positive_19,1.0,0.0,3.0,2.0,1
ACP_positive_20,2.0,1.0,2.0,3.0,1
ACP_positive_21,0.0,2.0,2.0,0.0,1
ACP_positive_22,0.0,1.0,3.0,5.0,1
ACP_positive_23,0.0,4.0,0.0,1.0,1
ACP_positive_24,1.0,2.0,0.0,1.0,1
ACP_positive_25,3.0,1.0,1.0,1.0,1
ACP_positive_26,0.0,2.0,3.0,4.0,1
ACP_positive_27,4.0,2.0,0.0,2.0,1
ACP_positive_28,0.0,0.0,1.0,3.0,1
ACP_positive_29,1.0,3.0,1.0,1.0,1
ACP_positive_30,1.0,2.0,0.0,1.0,1
ACP_positive_31,1.0,0.0,4.0,0.0,1
ACP_positive_32,3.0,1.0,2.0,1.0,1
ACP_positive_33,0.0,1.0,0.0,2.0,1
ACP_positive_34,3.0,1.0,2.0,2.0,1
ACP_positive_35,0.0,4.0,3.0,3.0,1
ACP_positive_36,5.0,1.0,3.0,7.0,1
ACP_positive_37,1.0,4.0,4.0,6.0,1
ACP_positive_38,1.0,2.0,2.0,2.0,1
ACP_positive_39,0.0,1.0,1.0,3.0,1
ACP_positive_40,3.0,2.0,2.0,3.0,1
ACP_positive_41,1.0,1.0,1.0,1.0,1
ACP_positive_42,1.0,0.0,1.0,6.0,1
ACP_positive_43,0.0,3.0,0.0,1.0,1
ACP_positive_44,1.0,1.0,2.0,4.0,1
ACP_positive_45,2.0,3.0,5.0,0.0,1
ACP_positive_46,0.0,0.0,1.0,2.0,1
ACP_positive_47,2.0,2.0,2.0,4.0,1
ACP_positive_48,0.0,1.0,3.0,0.0,1
ACP_positive_49,1.0,2.0,0.0,4.0,1
ACP_positive_50,0.0,1.0,2.0,2.0,1
ACP_positive_51,1.0,3.0,1.0,1.0,1
ACP_positive_52,2.0,0.0,1.0,1.0,1
ACP_positive_53,0.0,5.0,2.0,6.0,1
ACP_positive_54,0.0,2.0,2.0,1.0,1
ACP_positive_55,2.0,1.0,1.0,1.0,1
ACP_positive_56,1.0,2.0,3.0,4.0,1
ACP_positive_57,0.0,1.0,3.0,1.0,1
ACP_positive_58,1.0,2.0,0.0,3.0,1
ACP_positive_59,0.0,2.0,3.0,3.0,1
ACP_positive_60,2.0,1.0,4.0,3.0,1
ACP_positive_61,1.0,1.0,1.0,1.0,1
ACP_positive_62,1.0,1.0,1.0,1.0,1
ACP_positive_63,0.0,0.0,1.0,1.0,1
ACP_positive_64,0.0,0.0,1.0,5.0,1
ACP_positive_65,0.0,2.0,1.0,1.0,1
ACP_positive_66,1.0,2.0,0.0,2.0,1
ACP_positive_67,3.0,1.0,1.0,0.0,1
ACP_positive_68,0.0,2.0,4.0,4.0,1
ACP_positive_69,0.0,2.0,2.0,3.0,1
ACP_positive_70,1.0,2.0,4.0,0.0,1
ACP_positive_71,1.0,1.0,2.0,0.0,1
ACP_positive_72,0.0,1.0,2.0,0.0,1
ACP_positive_73,1.0,0.0,3.0,5.0,1
ACP_positive_74,2.0,2.0,0.0,1.0,1
ACP_positive_75,1.0,2.0,3.0,4.0,1
ACP_positive_76,1.0,3.0,2.0,1.0,1
ACP_positive_77,2.0,1.0,4.0,4.0,1
ACP_positive_78,0.0,4.0,5.0,2.0,1
ACP_positive_79,2.0,1.0,4.0,3.0,1
ACP_positive_80,2.0,0.0,0.0,2.0,1
ACP_positive_81,0.0,0.0,1.0,3.0,1
ACP_positive_82,0.0,0.0,0.0,4.0,1
ACP_positive_83,1.0,1.0,0.0,5.0,1
ACP_positive_84,2.0,4.0,1.0,6.0,1
ACP_positive_85,1.0,2.0,2.0,1.0,1
ACP_positive_86,1.0,1.0,2.0,2.0,1
ACP_positive_87,2.0,0.0,1.0,1.0,1
ACP_positive_88,0.0,1.0,2.0,1.0,1
ACP_positive_89,1.0,1.0,1.0,2.0,1
ACP_positive_90,0.0,2.0,2.0,1.0,1
ACP_positive_91,3.0,1.0,4.0,4.0,1
ACP_positive_92,1.0,0.0,2.0,2.0,1
ACP_positive_93,1.0,0.0,2.0,1.0,1
ACP_positive_94,0.0,2.0,0.0,4.0,1
ACP_positive_95,1.0,2.0,0.0,1.0,1
ACP_positive_96,0.0,2.0,2.0,4.0,1
ACP_positive_97,2.0,1.0,3.0,2.0,1
ACP_positive_98,1.0,1.0,5.0,6.0,1
ACP_positive_99,0.0,1.0,2.0,2.0,1
ACP_positive_100,0.0,2.0,1.0,2.0,1
ACP_positive_101,0.0,2.0,4.0,4.0,1
ACP_positive_102,1.0,0.0,4.0,3.0,1
ACP_positive_103,0.0,0.0,2.0,2.0,1
ACP_positive_104,2.0,2.0,1.0,1.0,1
ACP_positive_105,3.0,1.0,2.0,2.0,1
ACP_positive_106,1.0,2.0,2.0,2.0,1
ACP_positive_107,1.0,0.0,2.0,1.0,1
ACP_positive_108,0.0,1.0,1.0,2.0,1
ACP_positive_109,2.0,1.0,2.0,3.0,1
ACP_positive_110,2.0,1.0,1.0,0.0,1
ACP_positive_111,0.0,1.0,1.0,2.0,1
ACP_positive_112,2.0,2.0,2.0,2.0,1
ACP_positive_113,0.0,0.0,0.0,6.0,1
ACP_positive_114,1.0,0.0,3.0,3.0,1
ACP_positive_115,2.0,2.0,3.0,3.0,1
ACP_positive_116,1.0,4.0,3.0,4.0,1
ACP_positive_117,4.0,0.0,1.0,2.0,1
ACP_positive_118,0.0,3.0,2.0,2.0,1
ACP_positive_119,1.0,1.0,2.0,1.0,1
ACP_positive_120,2.0,0.0,2.0,5.0,1
ACP_positive_121,2.0,1.0,2.0,2.0,1
ACP_positive_122,2.0,2.0,3.0,4.0,1
ACP_positive_123,2.0,1.0,1.0,6.0,1
ACP_positive_124,1.0,3.0,3.0,6.0,1
ACP_positive_125,0.0,3.0,2.0,1.0,1
ACP_positive_126,3.0,4.0,6.0,3.0,1
ACP_positive_127,2.0,2.0,1.0,1.0,1
ACP_positive_128,2.0,2.0,1.0,1.0,1
ACP_positive_129,2.0,2.0,0.0,1.0,1
ACP_positive_130,1.0,0.0,2.0,1.0,1
ACP_positive_131,1.0,0.0,4.0,3.0,1
ACP_positive_132,1.0,1.0,2.0,1.0,1
ACP_positive_133,2.0,0.0,1.0,0.0,1
ACP_positive_134,1.0,2.0,5.0,5.0,1
ACP_positive_135,1.0,1.0,0.0,1.0,1
ACP_positive_136,0.0,1.0,1.0,1.0,1
ACP_positive_137,2.0,2.0,1.0,1.0,1
ACP_positive_138,1.0,0.0,3.0,2.0,1
ACP_positive_139,3.0,3.0,3.0,2.0,1
ACP_positive_140,2.0,3.0,3.0,2.0,1
ACP_positive_141,0.0,2.0,1.0,0.0,1
ACP_positive_142,0.0,1.0,0.0,2.0,1
ACP_positive_143,0.0,1.0,2.0,2.0,1
ACP_positive_144,1.0,0.0,4.0,3.0,1
ACP_positive_145,0.0,1.0,0.0,2.0,1
ACP_positive_146,3.0,1.0,0.0,1.0,1
ACP_positive_147,0.0,5.0,6.0,2.0,1
ACP_positive_148,0.0,3.0,1.0,0.0,1
ACP_positive_149,1.0,1.0,2.0,1.0,1
ACP_positive_150,0.0,2.0,0.0,2.0,1
ACP_positive_151,1.0,1.0,1.0,2.0,1
ACP_positive_152,2.0,2.0,1.0,0.0,1
ACP_positive_153,0.0,2.0,4.0,4.0,1
ACP_positive_154,0.0,3.0,1.0,3.0,1
ACP_positive_155,0.0,1.0,5.0,1.0,1
ACP_positive_156,3.0,1.0,3.0,5.0,1
ACP_positive_157,1.0,1.0,1.0,1.0,1
ACP_positive_158,0.0,1.0,2.0,2.0,1
ACP_positive_159,1.0,1.0,2.0,1.0,1
ACP_positive_160,2.0,1.0,2.0,1.0,1
ACP_positive_161,1.0,1.0,0.0,2.0,1
ACP_positive_162,0.0,1.0,1.0,5.0,1
ACP_positive_163,3.0,1.0,2.0,2.0,1
ACP_positive_164,0.0,3.0,1.0,2.0,1
ACP_positive_165,0.0,2.0,2.0,1.0,1
ACP_positive_166,2.0,1.0,1.0,1.0,1
ACP_positive_167,2.0,0.0,1.0,1.0,1
ACP_positive_168,1.0,2.0,0.0,1.0,1
ACP_positive_169,1.0,2.0,5.0,2.0,1
ACP_positive_170,0.0,2.0,1.0,1.0,1
ACP_positive_171,3.0,0.0,0.0,1.0,1
ACP_positive_172,0.0,0.0,0.0,3.0,1
ACP_positive_173,0.0,2.0,0.0,5.0,1
ACP_positive_174,2.0,2.0,3.0,5.0,1
ACP_positive_175,0.0,2.0,2.0,1.0,1
ACP_positive_176,2.0,1.0,0.0,1.0,1
ACP_positive_177,1.0,1.0,1.0,1.0,1
ACP_positive_178,0.0,2.0,2.0,2.0,1
ACP_positive_179,1.0,0.0,2.0,3.0,1
ACP_positive_180,1.0,4.0,2.0,2.0,1
ACP_positive_181,1.0,3.0,1.0,1.0,1
ACP_positive_182,2.0,0.0,0.0,2.0,1
ACP_positive_183,2.0,1.0,1.0,4.0,1
ACP_positive_184,1.0,2.0,3.0,3.0,1
ACP_positive_185,2.0,0.0,1.0,3.0,1
ACP_positive_186,4.0,2.0,4.0,4.0,1
ACP_positive_187,1.0,2.0,1.0,0.0,1
ACP_positive_188,1.0,4.0,2.0,7.0,1
ACP_positive_189,1.0,1.0,5.0,1.0,1
ACP_positive_190,0.0,1.0,2.0,2.0,1
ACP_positive_191,0.0,0.0,2.0,2.0,1
ACP_positive_192,1.0,2.0,0.0,1.0,1
ACP_positive_193,0.0,9.0,1.0,3.0,1
ACP_positive_194,2.0,0.0,2.0,3.0,1
ACP_positive_195,1.0,1.0,1.0,1.0,1
ACP_positive_196,0.0,2.0,0.0,0.0,1
ACP_positive_197,2.0,2.0,0.0,1.0,1
ACP_positive_198,0.0,3.0,2.0,5.0,1
ACP_positive_199,1.0,3.0,0.0,1.0,1
ACP_positive_200,0.0,3.0,4.0,4.0,1
ACP_positive_201,2.0,1.0,3.0,4.0,1
ACP_positive_202,2.0,0.0,1.0,1.0,1
ACP_positive_203,1.0,5.0,1.0,6.0,1
ACP_positive_204,0.0,1.0,2.0,1.0,1
ACP_positive_205,0.0,1.0,4.0,1.0,1
ACP_positive_206,0.0,4.0,1.0,1.0,1
ACP_positive_207,0.0,3.0,1.0,4.0,1
ACP_positive_208,2.0,0.0,0.0,4.0,1
ACP_positive_209,2.0,2.0,1.0,4.0,1
ACP_positive_210,0.0,3.0,1.0,1.0,1
ACP_positive_211,0.0,4.0,3.0,1.0,1
ACP_positive_212,1.0,1.0,3.0,3.0,1
ACP_positive_213,2.0,2.0,3.0,8.0,1
ACP_positive_214,1.0,0.0,2.0,2.0,1
ACP_positive_215,0.0,2.0,1.0,1.0,1
ACP_positive_216,2.0,1.0,3.0,4.0,1
ACP_positive_217,1.0,1.0,0.0,5.0,1
ACP_positive_218,2.0,1.0,1.0,1.0,1
ACP_positive_219,0.0,2.0,0.0,4.0,1
ACP_positive_220,0.0,1.0,0.0,3.0,1
ACP_positive_221,1.0,1.0,1.0,1.0,1
ACP_positive_222,1.0,3.0,2.0,3.0,1
ACP_positive_223,1.0,2.0,2.0,2.0,1
ACP_positive_224,0.0,2.0,0.0,5.0,1
ACP_positive_225,1.0,0.0,2.0,6.0,1
ACP_positive_226,1.0,2.0,3.0,7.0,1
ACP_positive_227,0.0,9.0,1.0,3.0,1
ACP_positive_228,1.0,2.0,2.0,1.0,1
ACP_positive_229,2.0,1.0,3.0,4.0,1
ACP_positive_230,1.0,1.0,1.0,1.0,1
ACP_positive_231,0.0,6.0,4.0,3.0,1
ACP_positive_232,0.0,1.0,2.0,2.0,1
ACP_positive_233,0.0,3.0,3.0,3.0,1
ACP_positive_234,1.0,0.0,4.0,0.0,1
ACP_positive_235,0.0,1.0,2.0,4.0,1
ACP_positive_236,1.0,0.0,2.0,1.0,1
ACP_positive_237,2.0,3.0,4.0,1.0,1
ACP_positive_238,2.0,0.0,0.0,4.0,1
ACP_positive_239,1.0,0.0,5.0,3.0,1
ACP_positive_240,1.0,0.0,0.0,1.0,1
ACP_positive_241,1.0,1.0,1.0,1.0,1
ACP_positive_242,1.0,0.0,4.0,3.0,1
ACP_positive_243,2.0,1.0,0.0,2.0,1
ACP_positive_244,1.0,1.0,1.0,1.0,1
ACP_positive_245,1.0,0.0,2.0,1.0,1
ACP_positive_246,1.0,0.0,3.0,4.0,1
ACP_positive_247,0.0,2.0,2.0,6.0,1
ACP_positive_248,1.0,2.0,1.0,3.0,1
ACP_positive_249,1.0,3.0,0.0,1.0,1
ACP_positive_250,1.0,4.0,1.0,0.0,1
ACP_positive_251,0.0,1.0,4.0,3.0,1
ACP_positive_252,0.0,1.0,4.0,3.0,1
ACP_positive_253,1.0,0.0,1.0,2.0,1
ACP_positive_254,1.0,1.0,2.0,5.0,1
ACP_positive_255,2.0,2.0,5.0,8.0,1
ACP_positive_256,1.0,2.0,3.0,4.0,1
ACP_positive_257,2.0,0.0,1.0,1.0,1
ACP_positive_258,0.0,0.0,1.0,1.0,1
ACP_positive_259,1.0,1.0,3.0,0.0,1
ACP_positive_260,1.0,1.0,1.0,1.0,1
ACP_positive_261,2.0,1.0,1.0,0.0,1
ACP_positive_262,4.0,2.0,1.0,7.0,1
ACP_positive_263,2.0,2.0,1.0,0.0,1
ACP_positive_264,3.0,3.0,1.0,3.0,1
ACP_positive_265,1.0,1.0,2.0,1.0,1
ACP_positive_266,1.0,4.0,1.0,3.0,1
ACP_positive_267,0.0,1.0,2.0,1.0,1
ACP_positive_268,1.0,1.0,3.0,5.0,1
ACP_positive_269,1.0,2.0,1.0,1.0,1
ACP_positive_270,0.0,2.0,4.0,0.0,1
ACP_positive_271,2.0,0.0,1.0,3.0,1
ACP_positive_272,1.0,0.0,2.0,1.0,1
ACP_positive_273,2.0,4.0,3.0,2.0,1
ACP_positive_274,1.0,1.0,2.0,3.0,1
ACP_positive_275,0.0,2.0,4.0,1.0,1
ACP_positive_276,1.0,0.0,0.0,3.0,1
ACP_positive_277,2.0,1.0,0.0,1.0,1
ACP_positive_278,0.0,0.0,2.0,5.0,1
ACP_positive_279,1.0,1.0,1.0,2.0,1
ACP_positive_280,3.0,4.0,1.0,2.0,1
ACP_positive_281,0.0,1.0,1.0,2.0,1
ACP_positive_282,1.0,1.0,1.0,0.0,1
ACP_positive_283,1.0,0.0,3.0,3.0,1
ACP_positive_284,0.0,1.0,2.0,2.0,1
ACP_positive_285,0.0,1.0,3.0,3.0,1
ACP_positive_286,0.0,2.0,1.0,5.0,1
ACP_positive_287,1.0,2.0,1.0,5.0,1
ACP_positive_288,0.0,1.0,1.0,2.0,1
ACP_positive_289,1.0,0.0,4.0,7.0,1
ACP_positive_290,0.0,3.0,1.0,6.0,1
ACP_positive_291,1.0,1.0,1.0,1.0,1
ACP_positive_292,0.0,1.0,2.0,6.0,1
ACP_positive_293,2.0,2.0,3.0,7.0,1
ACP_positive_294,2.0,4.0,4.0,1.0,1
ACP_positive_295,1.0,1.0,2.0,4.0,1
ACP_positive_296,2.0,1.0,0.0,6.0,1
ACP_positive_297,1.0,0.0,4.0,1.0,1
ACP_positive_298,1.0,5.0,2.0,5.0,1
ACP_positive_299,1.0,2.0,0.0,1.0,1
ACP_positive_300,1.0,0.0,1.0,2.0,1
ACP_positive_301,1.0,3.0,3.0,7.0,1
ACP_positive_302,3.0,1.0,0.0,0.0,1
ACP_positive_303,0.0,1.0,3.0,2.0,1
ACP_positive_304,2.0,0.0,1.0,1.0,1
ACP_positive_305,0.0,1.0,2.0,2.0,1
ACP_positive_306,2.0,2.0,1.0,2.0,1
ACP_positive_307,1.0,0.0,1.0,4.0,1
ACP_positive_308,0.0,1.0,2.0,3.0,1
ACP_positive_309,1.0,1.0,0.0,2.0,1
ACP_positive_310,1.0,0.0,4.0,3.0,1
ACP_positive_311,1.0,0.0,3.0,1.0,1
ACP_positive_312,1.0,2.0,5.0,5.0,1
ACP_positive_313,0.0,1.0,4.0,3.0,1
ACP_positive_314,0.0,2.0,0.0,4.0,1
ACP_positive_315,0.0,1.0,1.0,0.0,1
ACP_positive_316,1.0,2.0,0.0,1.0,1
ACP_positive_317,0.0,2.0,2.0,1.0,1
ACP_positive_318,2.0,0.0,1.0,1.0,1
ACP_positive_319,0.0,1.0,2.0,1.0,1
ACP_positive_320,2.0,1.0,2.0,6.0,1
ACP_positive_321,2.0,3.0,4.0,1.0,1
ACP_positive_322,0.0,0.0,2.0,1.0,1
ACP_positive_323,0.0,1.0,4.0,1.0,1
ACP_positive_324,3.0,2.0,2.0,1.0,1
ACP_positive_325,0.0,1.0,1.0,2.0,1
ACP_positive_326,1.0,1.0,6.0,3.0,1
ACP_positive_327,0.0,2.0,2.0,6.0,1
ACP_positive_328,1.0,0.0,1.0,2.0,1
ACP_positive_329,0.0,3.0,2.0,3.0,1
ACP_positive_330,2.0,1.0,3.0,1.0,1
ACP_positive_331,1.0,0.0,4.0,4.0,1
ACP_positive_332,2.0,4.0,3.0,2.0,1
ACP_positive_333,1.0,1.0,0.0,2.0,1
ACP_positive_334,1.0,2.0,3.0,4.0,1
ACP_positive_335,2.0,1.0,0.0,4.0,1
ACP_positive_336,1.0,0.0,3.0,0.0,1
ACP_positive_337,0.0,3.0,1.0,2.0,1
ACP_positive_338,2.0,2.0,0.0,1.0,1
ACP_positive_339,2.0,0.0,1.0,1.0,1
ACP_positive_340,2.0,1.0,3.0,0.0,1
ACP_positive_341,0.0,2.0,0.0,0.0,1
ACP_positive_342,2.0,0.0,1.0,1.0,1
ACP_positive_343,4.0,0.0,3.0,2.0,1
ACP_positive_344,1.0,1.0,2.0,0.0,1
ACP_positive_345,2.0,2.0,2.0,4.0,1
ACP_positive_346,1.0,0.0,4.0,1.0,1
ACP_positive_347,1.0,1.0,0.0,2.0,1
ACP_positive_348,2.0,4.0,3.0,7.0,1
ACP_positive_349,0.0,1.0,0.0,3.0,1
ACP_positive_350,2.0,1.0,3.0,2.0,1
ACP_positive_351,1.0,1.0,1.0,1.0,1
ACP_positive_352,0.0,3.0,1.0,1.0,1
ACP_positive_353,0.0,1.0,2.0,1.0,1
ACP_positive_354,2.0,4.0,3.0,6.0,1
ACP_positive_355,1.0,1.0,1.0,1.0,1
ACP_positive_356,2.0,0.0,3.0,2.0,1
ACP_positive_357,1.0,0.0,3.0,4.0,1
ACP_positive_358,1.0,1.0,1.0,4.0,1
ACP_positive_359,1.0,1.0,4.0,3.0,1
ACP_positive_360,2.0,2.0,1.0,1.0,1
ACP_positive_361,3.0,3.0,1.0,3.0,1
ACP_positive_362,2.0,2.0,3.0,3.0,1
ACP_positive_363,1.0,0.0,2.0,2.0,1
ACP_positive_364,0.0,0.0,0.0,2.0,1
ACP_positive_365,2.0,0.0,0.0,5.0,1
ACP_positive_366,0.0,3.0,1.0,1.0,1
ACP_positive_367,1.0,1.0,0.0,4.0,1
ACP_positive_368,1.0,2.0,4.0,5.0,1
ACP_positive_369,2.0,1.0,2.0,2.0,1
ACP_positive_370,1.0,1.0,0.0,2.0,1
ACP_positive_371,0.0,1.0,0.0,3.0,1
ACP_positive_372,1.0,1.0,1.0,1.0,1
ACP_positive_373,0.0,1.0,1.0,2.0,1
ACP_positive_374,0.0,3.0,0.0,3.0,1
ACP_positive_375,0.0,1.0,0.0,2.0,1
ACP_positive_376,0.0,1.0,3.0,2.0,1
ACP_positive_377,1.0,2.0,5.0,5.0,1
ACP_positive_378,2.0,2.0,3.0,3.0,1
ACP_positive_379,3.0,4.0,0.0,2.0,1
ACP_positive_380,2.0,0.0,0.0,0.0,1
ACP_positive_381,0.0,2.0,1.0,0.0,1
ACP_positive_382,0.0,1.0,3.0,2.0,1
ACP_positive_383,1.0,1.0,2.0,2.0,1
ACP_positive_384,1.0,0.0,2.0,6.0,1
ACP_positive_385,0.0,1.0,1.0,1.0,1
ACP_positive_386,1.0,2.0,3.0,6.0,1
ACP_positive_387,1.0,0.0,3.0,2.0,1
ACP_positive_388,1.0,1.0,2.0,1.0,1
ACP_positive_389,3.0,1.0,0.0,4.0,1
ACP_positive_390,1.0,0.0,1.0,2.0,1
ACP_positive_391,1.0,3.0,2.0,4.0,1
ACP_positive_392,2.0,4.0,2.0,3.0,1
ACP_positive_393,1.0,1.0,1.0,1.0,1
ACP_positive_394,2.0,0.0,1.0,1.0,1
ACP_positive_395,2.0,2.0,3.0,3.0,1
ACP_positive_396,0.0,1.0,2.0,2.0,1
ACP_positive_397,2.0,1.0,0.0,2.0,1
ACP_positive_398,0.0,2.0,1.0,3.0,1
ACP_positive_399,0.0,0.0,2.0,1.0,1
ACP_positive_400,2.0,2.0,1.0,1.0,1
ACP_positive_401,2.0,0.0,1.0,1.0,1
ACP_positive_402,2.0,1.0,3.0,4.0,1
ACP_positive_403,1.0,1.0,3.0,3.0,1
ACP_positive_404,0.0,3.0,2.0,4.0,1
ACP_positive_405,0.0,1.0,1.0,5.0,1
ACP_positive_406,2.0,2.0,0.0,1.0,1
ACP_positive_407,0.0,0.0,0.0,2.0,1
ACP_positive_408,0.0,2.0,2.0,1.0,1
ACP_positive_409,1.0,1.0,2.0,9.0,1
ACP_positive_410,1.0,2.0,2.0,3.0,1
ACP_positive_411,3.0,1.0,2.0,2.0,1
ACP_positive_412,2.0,5.0,0.0,2.0,1
ACP_positive_413,3.0,1.0,3.0,5.0,1
ACP_positive_414,0.0,2.0,1.0,1.0,1
ACP_positive_415,1.0,1.0,1.0,1.0,1
ACP_positive_416,0.0,1.0,1.0,8.0,1
ACP_positive_417,2.0,1.0,2.0,2.0,1
ACP_positive_418,1.0,1.0,1.0,1.0,1
ACP_positive_419,1.0,1.0,2.0,0.0,1
ACP_positive_420,0.0,0.0,2.0,0.0,1
ACP_positive_421,1.0,1.0,1.0,2.0,1
ACP_positive_422,0.0,1.0,3.0,4.0,1
ACP_positive_423,0.0,2.0,1.0,1.0,1
ACP_positive_424,1.0,1.0,1.0,3.0,1
ACP_positive_425,2.0,3.0,4.0,1.0,1
ACP_positive_426,1.0,0.0,2.0,1.0,1
ACP_positive_427,2.0,2.0,1.0,3.0,1
ACP_positive_428,0.0,1.0,3.0,0.0,1
ACP_positive_429,2.0,1.0,3.0,1.0,1
ACP_positive_430,1.0,0.0,2.0,1.0,1
ACP_positive_431,0.0,2.0,3.0,5.0,1
ACP_positive_432,1.0,2.0,2.0,3.0,1
ACP_positive_433,1.0,1.0,4.0,4.0,1
ACP_positive_434,0.0,2.0,1.0,5.0,1
ACP_positive_435,1.0,1.0,2.0,4.0,1
ACP_positive_436,1.0,3.0,7.0,2.0,1
ACP_positive_437,0.0,1.0,2.0,1.0,1
ACP_positive_438,1.0,2.0,0.0,1.0,1
ACP_positive_439,0.0,1.0,1.0,5.0,1
ACP_positive_440,1.0,5.0,1.0,3.0,1
ACP_positive_441,1.0,1.0,0.0,2.0,1
ACP_positive_442,0.0,0.0,0.0,3.0,1
ACP_positive_443,1.0,4.0,7.0,1.0,1
ACP_positive_444,1.0,1.0,0.0,1.0,1
ACP_positive_445,1.0,0.0,3.0,4.0,1
ACP_positive_446,0.0,0.0,1.0,4.0,1
ACP_positive_447,0.0,1.0,2.0,2.0,1
ACP_positive_448,1.0,2.0,0.0,1.0,1
ACP_positive_449,0.0,2.0,2.0,0.0,1
ACP_positive_450,1.0,0.0,2.0,1.0,1
ACP_positive_451,0.0,2.0,5.0,3.0,1
ACP_positive_452,0.0,0.0,2.0,1.0,1
ACP_positive_453,0.0,2.0,1.0,3.0,1
ACP_positive_454,1.0,1.0,1.0,1.0,1
ACP_positive_455,1.0,2.0,0.0,1.0,1
ACP_positive_456,0.0,2.0,1.0,4.0,1
ACP_positive_457,1.0,1.0,0.0,2.0,1
ACP_positive_458,2.0,2.0,3.0,0.0,1
ACP_positive_459,0.0,2.0,2.0,1.0,1
ACP_positive_460,1.0,2.0,0.0,1.0,1
ACP_positive_461,1.0,2.0,3.0,6.0,1
ACP_positive_462,0.0,1.0,2.0,5.0,1
ACP_positive_463,2.0,0.0,1.0,1.0,1
ACP_positive_464,2.0,2.0,2.0,1.0,1
ACP_positive_465,1.0,2.0,2.0,3.0,1
ACP_positive_466,0.0,2.0,2.0,1.0,1
ACP_positive_467,0.0,2.0,1.0,4.0,1
ACP_positive_468,1.0,4.0,4.0,5.0,1
ACP_positive_469,1.0,1.0,1.0,1.0,1
ACP_positive_470,1.0,4.0,1.0,7.0,1
ACP_positive_471,1.0,4.0,4.0,6.0,1
ACP_positive_472,0.0,0.0,3.0,4.0,1
ACP_positive_473,1.0,1.0,1.0,1.0,1
ACP_positive_474,0.0,1.0,2.0,5.0,1
ACP_positive_475,0.0,1.0,2.0,6.0,1
ACP_positive_476,1.0,1.0,3.0,2.0,1
ACP_positive_477,0.0,0.0,0.0,5.0,1
ACP_positive_478,2.0,1.0,5.0,6.0,1
ACP_positive_479,1.0,0.0,3.0,0.0,1
ACP_positive_480,1.0,2.0,0.0,1.0,1
ACP_positive_481,1.0,3.0,1.0,1.0,1
ACP_positive_482,3.0,2.0,1.0,1.0,1
ACP_positive_483,0.0,1.0,0.0,1.0,1
ACP_positive_484,0.0,1.0,0.0,2.0,1
ACP_positive_485,2.0,1.0,0.0,2.0,1
ACP_positive_486,1.0,1.0,1.0,1.0,1
ACP_positive_487,0.0,3.0,1.0,0.0,1
ACP_positive_488,0.0,4.0,2.0,5.0,1
ACP_positive_489,4.0,0.0,1.0,3.0,1
ACP_positive_490,1.0,1.0,4.0,3.0,1
ACP_positive_491,1.0,0.0,3.0,3.0,1
ACP_positive_492,1.0,0.0,0.0,2.0,1
ACP_positive_493,3.0,3.0,4.0,5.0,1
ACP_positive_494,1.0,4.0,4.0,6.0,1
ACP_positive_495,1.0,2.0,3.0,1.0,1
ACP_positive_496,0.0,1.0,2.0,4.0,1
ACP_positive_497,3.0,1.0,2.0,1.0,1
ACP_positive_498,1.0,0.0,4.0,3.0,1
ACP_positive_499,1.0,0.0,5.0,6.0,1
ACP_positive_500,2.0,2.0,2.0,6.0,1
ACP_positive_501,0.0,1.0,1.0,3.0,1
ACP_positive_502,0.0,1.0,2.0,2.0,1
ACP_positive_503,2.0,0.0,2.0,0.0,1
ACP_positive_504,1.0,1.0,2.0,0.0,1
ACP_positive_505,1.0,2.0,0.0,1.0,1
ACP_positive_506,3.0,2.0,4.0,2.0,1
ACP_positive_507,0.0,1.0,0.0,1.0,1
ACP_positive_508,0.0,1.0,1.0,3.0,1
ACP_positive_509,0.0,2.0,1.0,1.0,1
ACP_positive_510,0.0,3.0,0.0,1.0,1
ACP_positive_511,0.0,1.0,0.0,2.0,1
ACP_positive_512,1.0,3.0,2.0,0.0,1
ACP_positive_513,1.0,0.0,3.0,1.0,1
ACP_positive_514,0.0,4.0,2.0,4.0,1
ACP_positive_515,1.0,2.0,3.0,4.0,1
ACP_positive_516,2.0,2.0,5.0,8.0,1
ACP_positive_517,0.0,1.0,2.0,2.0,1
ACP_positive_518,0.0,2.0,2.0,1.0,1
ACP_positive_519,2.0,4.0,2.0,3.0,1
ACP_positive_520,0.0,1.0,2.0,2.0,1
ACP_positive_521,2.0,2.0,3.0,5.0,1
ACP_positive_522,0.0,5.0,4.0,7.0,1
ACP_positive_523,0.0,3.0,4.0,2.0,1
ACP_positive_524,0.0,3.0,0.0,2.0,1
ACP_positive_525,2.0,2.0,1.0,4.0,1
ACP_positive_526,1.0,2.0,0.0,1.0,1
ACP_positive_527,0.0,1.0,0.0,2.0,1
ACP_positive_528,0.0,4.0,3.0,4.0,1
ACP_positive_529,2.0,0.0,1.0,1.0,1
ACP_positive_530,2.0,1.0,3.0,2.0,1
ACP_positive_531,0.0,5.0,3.0,6.0,1
ACP_positive_532,1.0,1.0,1.0,1.0,1
ACP_positive_533,3.0,0.0,2.0,0.0,1
ACP_positive_534,1.0,1.0,0.0,2.0,1
ACP_positive_535,0.0,1.0,1.0,1.0,1
ACP_positive_536,0.0,0.0,4.0,0.0,1
ACP_positive_537,2.0,1.0,4.0,3.0,1
ACP_positive_538,2.0,0.0,3.0,1.0,1
ACP_positive_539,2.0,1.0,3.0,4.0,1
ACP_positive_540,3.0,1.0,2.0,2.0,1
ACP_positive_541,2.0,3.0,5.0,3.0,1
ACP_positive_542,0.0,2.0,3.0,1.0,1
ACP_positive_543,1.0,0.0,3.0,2.0,1
ACP_positive_544,0.0,4.0,3.0,3.0,1
ACP_positive_545,1.0,0.0,1.0,2.0,1
ACP_positive_546,1.0,1.0,2.0,1.0,1
ACP_positive_547,1.0,7.0,1.0,4.0,1
ACP_positive_548,1.0,1.0,3.0,2.0,1
ACP_positive_549,2.0,0.0,0.0,2.0,1
ACP_positive_550,0.0,0.0,0.0,7.0,1
ACP_positive_551,1.0,3.0,1.0,1.0,1
ACP_positive_552,1.0,1.0,0.0,2.0,1
ACP_positive_553,0.0,0.0,1.0,3.0,1
ACP_positive_554,3.0,2.0,2.0,5.0,1
ACP_positive_555,0.0,3.0,2.0,2.0,1
ACP_positive_556,2.0,0.0,2.0,5.0,1
ACP_positive_557,2.0,3.0,2.0,6.0,1
ACP_positive_558,1.0,2.0,2.0,4.0,1
ACP_positive_559,1.0,1.0,1.0,1.0,1
ACP_positive_560,3.0,1.0,2.0,2.0,1
ACP_positive_561,1.0,0.0,3.0,2.0,1
ACP_positive_562,1.0,1.0,1.0,1.0,1
ACP_positive_563,2.0,3.0,4.0,1.0,1
ACP_positive_564,1.0,1.0,0.0,0.0,1
ACP_positive_565,2.0,1.0,0.0,1.0,1
ACP_positive_566,0.0,0.0,0.0,3.0,1
ACP_positive_567,0.0,4.0,1.0,5.0,1
ACP_positive_568,3.0,3.0,1.0,4.0,1
ACP_positive_569,0.0,2.0,5.0,2.0,1
ACP_positive_570,2.0,4.0,1.0,9.0,1
ACP_positive_571,2.0,3.0,5.0,0.0,1
ACP_positive_572,1.0,1.0,2.0,3.0,1
ACP_positive_573,1.0,2.0,5.0,5.0,1
ACP_positive_574,0.0,1.0,1.0,1.0,1
ACP_positive_575,1.0,2.0,1.0,5.0,1
ACP_positive_576,1.0,1.0,1.0,3.0,1
ACP_positive_577,1.0,0.0,4.0,0.0,1
ACP_positive_578,2.0,2.0,8.0,3.0,1
ACP_positive_579,1.0,3.0,3.0,1.0,1
ACP_positive_580,1.0,1.0,1.0,2.0,1
ACP_positive_581,2.0,3.0,3.0,2.0,1
ACP_positive_582,1.0,1.0,1.0,1.0,1
ACP_positive_583,3.0,1.0,2.0,2.0,1
ACP_positive_584,1.0,0.0,4.0,3.0,1
ACP_positive_585,0.0,2.0,1.0,0.0,1
ACP_positive_586,3.0,0.0,5.0,4.0,1
ACP_positive_587,0.0,0.0,0.0,3.0,1
ACP_positive_588,2.0,2.0,2.0,0.0,1
ACP_positive_589,1.0,1.0,0.0,2.0,1
ACP_positive_590,0.0,0.0,0.0,3.0,1
ACP_positive_591,0.0,1.0,1.0,0.0,1
ACP_positive_592,1.0,1.0,2.0,1.0,1
ACP_positive_593,0.0,9.0,1.0,3.0,1
ACP_positive_594,0.0,0.0,1.0,1.0,1
ACP_positive_595,0.0,1.0,1.0,5.0,1
ACP_positive_596,1.0,0.0,4.0,3.0,1
ACP_positive_597,0.0,1.0,3.0,3.0,1
ACP_positive_598,1.0,2.0,2.0,0.0,1
ACP_positive_599,1.0,0.0,0.0,2.0,1
ACP_positive_600,1.0,1.0,2.0,3.0,1
ACP_positive_601,1.0,1.0,0.0,2.0,1
ACP_positive_602,1.0,1.0,4.0,6.0,1
ACP_positive_603,2.0,1.0,0.0,1.0,1
ACP_positive_604,3.0,0.0,3.0,9.0,1
ACP_positive_605,0.0,0.0,0.0,1.0,1
ACP_positive_606,1.0,0.0,3.0,5.0,1
ACP_positive_607,2.0,2.0,4.0,7.0,1
ACP_positive_608,0.0,3.0,2.0,3.0,1
ACP_positive_609,2.0,2.0,0.0,1.0,1
ACP_positive_610,1.0,2.0,5.0,5.0,1
ACP_positive_611,1.0,3.0,2.0,0.0,1
ACP_positive_612,4.0,1.0,1.0,2.0,1
ACP_positive_613,0.0,1.0,2.0,2.0,1
ACP_positive_614,2.0,0.0,2.0,5.0,1
ACP_positive_615,0.0,2.0,1.0,4.0,1
ACP_positive_616,0.0,0.0,1.0,2.0,1
ACP_positive_617,0.0,0.0,0.0,6.0,1
ACP_positive_618,2.0,1.0,2.0,3.0,1
ACP_positive_619,1.0,1.0,0.0,3.0,1
ACP_positive_620,3.0,1.0,1.0,1.0,1
ACP_positive_621,1.0,1.0,1.0,1.0,1
ACP_positive_622,1.0,2.0,2.0,4.0,1
ACP_positive_623,0.0,1.0,2.0,1.0,1
ACP_positive_624,1.0,1.0,3.0,2.0,1
ACP_positive_625,2.0,0.0,1.0,1.0,1
ACP_positive_626,2.0,2.0,1.0,1.0,1
ACP_positive_627,1.0,2.0,1.0,0.0,1
ACP_positive_628,1.0,3.0,1.0,0.0,1
ACP_positive_629,1.0,1.0,3.0,3.0,1
ACP_positive_630,1.0,2.0,2.0,5.0,1
ACP_positive_631,1.0,1.0,4.0,4.0,1
ACP_positive_632,1.0,4.0,1.0,0.0,1
ACP_positive_633,0.0,3.0,2.0,3.0,1
ACP_positive_634,1.0,1.0,2.0,0.0,1
ACP_positive_635,0.0,2.0,1.0,5.0,1
ACP_positive_636,1.0,1.0,0.0,2.0,1
ACP_positive_637,0.0,1.0,1.0,1.0,1
ACP_positive_638,1.0,0.0,3.0,0.0,1
ACP_positive_639,2.0,2.0,3.0,3.0,1
ACP_positive_640,2.0,5.0,3.0,5.0,1
ACP_positive_641,0.0,1.0,2.0,2.0,1
ACP_positive_642,0.0,4.0,1.0,3.0,1
ACP_positive_643,2.0,3.0,5.0,0.0,1
ACP_positive_644,2.0,0.0,1.0,1.0,1
ACP_positive_645,1.0,3.0,3.0,6.0,1
ACP_positive_646,3.0,1.0,2.0,9.0,1
ACP_positive_647,0.0,0.0,2.0,1.0,1
ACP_positive_648,0.0,2.0,2.0,1.0,1
ACP_positive_649,1.0,1.0,4.0,6.0,1
ACP_positive_650,1.0,2.0,3.0,2.0,1
ACP_positive_651,3.0,1.0,3.0,2.0,1
ACP_positive_652,0.0,1.0,2.0,3.0,1
ACP_positive_653,1.0,1.0,2.0,5.0,1
ACP_positive_654,0.0,1.0,1.0,5.0,1
ACP_positive_655,2.0,4.0,3.0,6.0,1
ACP_positive_656,0.0,1.0,2.0,1.0,1
ACP_positive_657,1.0,1.0,0.0,1.0,1
ACP_positive_658,1.0,2.0,3.0,3.0,1
ACP_positive_659,1.0,1.0,1.0,1.0,1
ACP_positive_660,0.0,1.0,3.0,2.0,1
ACP_positive_661,2.0,3.0,2.0,4.0,1
ACP_positive_662,1.0,1.0,0.0,2.0,1
ACP_positive_663,0.0,0.0,0.0,1.0,1
ACP_positive_664,2.0,2.0,0.0,1.0,1
ACP_positive_665,0.0,1.0,0.0,4.0,1
ACP_positive_666,1.0,0.0,4.0,1.0,1
ACP_positive_667,1.0,0.0,4.0,1.0,1
ACP_positive_668,1.0,5.0,1.0,2.0,1
ACP_positive_669,1.0,1.0,1.0,3.0,1
ACP_positive_670,1.0,4.0,4.0,6.0,1
ACP_positive_671,3.0,1.0,1.0,1.0,1
ACP_positive_672,0.0,4.0,5.0,3.0,1
ACP_positive_673,4.0,0.0,2.0,1.0,1
ACP_positive_674,0.0,1.0,1.0,1.0,1
ACP_positive_675,2.0,0.0,1.0,1.0,1
ACP_positive_676,2.0,2.0,3.0,3.0,1
ACP_positive_677,0.0,1.0,2.0,2.0,1
ACP_positive_678,2.0,1.0,0.0,1.0,1
ACP_positive_679,0.0,2.0,3.0,1.0,1
ACP_positive_680,0.0,1.0,1.0,1.0,1
ACP_positive_681,2.0,0.0,2.0,5.0,1
ACP_positive_682,3.0,2.0,4.0,5.0,1
ACP_positive_683,3.0,2.0,1.0,2.0,1
ACP_positive_684,1.0,2.0,3.0,6.0,1
ACP_positive_685,1.0,1.0,1.0,3.0,1
ACP_positive_686,1.0,3.0,0.0,1.0,1
ACP_positive_687,1.0,3.0,4.0,7.0,1
ACP_positive_688,2.0,2.0,2.0,1.0,1
ACP_negative_1,2.0,1.0,1.0,0.0,0
ACP_negative_2,0.0,4.0,3.0,4.0,0
ACP_negative_3,1.0,2.0,3.0,5.0,0
ACP_negative_4,0.0,0.0,2.0,1.0,0
ACP_negative_5,0.0,2.0,3.0,6.0,0
ACP_negative_6,2.0,0.0,3.0,7.0,0
ACP_negative_7,3.0,3.0,2.0,5.0,0
ACP_negative_8,3.0,2.0,2.0,1.0,0
ACP_negative_9,3.0,1.0,1.0,3.0,0
ACP_negative_10,3.0,0.0,5.0,4.0,0
ACP_negative_11,3.0,1.0,4.0,7.0,0
ACP_negative_12,1.0,0.0,3.0,3.0,0
ACP_negative_13,2.0,1.0,1.0,2.0,0
ACP_negative_14,1.0,0.0,2.0,3.0,0
ACP_negative_15,0.0,0.0,0.0,2.0,0
ACP_negative_16,0.0,4.0,2.0,5.0,0
ACP_negative_17,1.0,1.0,1.0,1.0,0
ACP_negative_18,0.0,2.0,3.0,3.0,0
ACP_negative_19,3.0,0.0,5.0,4.0,0
ACP_negative_20,2.0,1.0,3.0,6.0,0
ACP_negative_21,1.0,6.0,3.0,5.0,0
ACP_negative_22,1.0,1.0,3.0,2.0,0
ACP_negative_23,2.0,3.0,2.0,5.0,0
ACP_negative_24,0.0,3.0,3.0,5.0,0
ACP_negative_25,0.0,4.0,3.0,5.0,0
ACP_negative_26,0.0,2.0,4.0,1.0,0
ACP_negative_27,3.0,0.0,1.0,0.0,0
ACP_negative_28,1.0,5.0,3.0,2.0,0
ACP_negative_29,0.0,2.0,1.0,4.0,0
ACP_negative_30,2.0,2.0,3.0,7.0,0
ACP_negative_31,2.0,3.0,3.0,6.0,0
ACP_negative_32,3.0,1.0,2.0,2.0,0
ACP_negative_33,1.0,3.0,0.0,1.0,0
ACP_negative_34,1.0,5.0,5.0,4.0,0
ACP_negative_35,1.0,1.0,3.0,2.0,0
ACP_negative_36,0.0,0.0,1.0,3.0,0
ACP_negative_37,0.0,2.0,3.0,4.0,0
ACP_negative_38,0.0,4.0,1.0,3.0,0
ACP_negative_39,1.0,2.0,1.0,1.0,0
ACP_negative_40,4.0,2.0,4.0,6.0,0
ACP_negative_41,1.0,1.0,0.0,3.0,0
ACP_negative_42,1.0,0.0,2.0,0.0,0
ACP_negative_43,0.0,4.0,4.0,2.0,0
ACP_negative_44,1.0,1.0,2.0,1.0,0
ACP_negative_45,0.0,2.0,2.0,3.0,0
ACP_negative_46,2.0,3.0,5.0,0.0,0
ACP_negative_47,0.0,2.0,5.0,9.0,0
ACP_negative_48,1.0,1.0,5.0,5.0,0
ACP_negative_49,0.0,1.0,2.0,4.0,0
ACP_negative_50,0.0,3.0,1.0,2.0,0
ACP_negative_51,2.0,0.0,2.0,0.0,0
ACP_negative_52,3.0,3.0,2.0,3.0,0
ACP_negative_53,1.0,1.0,1.0,2.0,0
ACP_negative_54,1.0,3.0,1.0,2.0,0
ACP_negative_55,2.0,2.0,3.0,2.0,0
ACP_negative_56,1.0,1.0,2.0,0.0,0
ACP_negative_57,0.0,3.0,3.0,1.0,0
ACP_negative_58,2.0,4.0,4.0,1.0,0
ACP_negative_59,0.0,4.0,1.0,0.0,0
ACP_negative_60,1.0,3.0,2.0,1.0,0
ACP_negative_61,1.0,1.0,3.0,3.0,0
ACP_negative_62,0.0,1.0,2.0,2.0,0
ACP_negative_63,0.0,1.0,1.0,0.0,0
ACP_negative_64,3.0,2.0,5.0,6.0,0
ACP_negative_65,0.0,1.0,2.0,8.0,0
ACP_negative_66,1.0,0.0,1.0,3.0,0
ACP_negative_67,1.0,2.0,3.0,2.0,0
ACP_negative_68,2.0,2.0,1.0,5.0,0
ACP_negative_69,1.0,1.0,1.0,1.0,0
ACP_negative_70,0.0,1.0,2.0,2.0,0
ACP_negative_71,2.0,1.0,0.0,1.0,0
ACP_negative_72,2.0,1.0,2.0,4.0,0
ACP_negative_73,1.0,2.0,1.0,1.0,0
ACP_negative_74,1.0,2.0,1.0,1.0,0
ACP_negative_75,2.0,2.0,3.0,7.0,0
ACP_negative_76,1.0,1.0,3.0,2.0,0
ACP_negative_77,1.0,1.0,4.0,4.0,0
ACP_negative_78,4.0,4.0,0.0,4.0,0
ACP_negative_79,0.0,1.0,4.0,2.0,0
ACP_negative_80,0.0,6.0,4.0,5.0,0
ACP_negative_81,2.0,1.0,4.0,8.0,0
ACP_negative_82,1.0,1.0,2.0,4.0,0
ACP_negative_83,3.0,3.0,4.0,4.0,0
ACP_negative_84,1.0,3.0,2.0,5.0,0
ACP_negative_85,0.0,2.0,3.0,3.0,0
ACP_negative_86,1.0,2.0,2.0,2.0,0
ACP_negative_87,0.0,2.0,3.0,2.0,0
ACP_negative_88,1.0,1.0,2.0,2.0,0
ACP_negative_89,0.0,3.0,2.0,0.0,0
ACP_negative_90,0.0,2.0,2.0,1.0,0
ACP_negative_91,3.0,0.0,1.0,4.0,0
ACP_negative_92,1.0,1.0,3.0,5.0,0
ACP_negative_93,2.0,1.0,2.0,1.0,0
ACP_negative_94,0.0,3.0,4.0,2.0,0
ACP_negative_95,3.0,1.0,3.0,4.0,0
ACP_negative_96,1.0,2.0,3.0,3.0,0
ACP_negative_97,0.0,3.0,2.0,4.0,0
ACP_negative_98,0.0,0.0,1.0,2.0,0
ACP_negative_99,2.0,4.0,3.0,2.0,0
ACP_negative_100,0.0,5.0,2.0,4.0,0
ACP_negative_101,1.0,2.0,5.0,5.0,0
ACP_negative_102,1.0,1.0,2.0,4.0,0
ACP_negative_103,0.0,2.0,3.0,1.0,0
ACP_negative_104,0.0,1.0,1.0,1.0,0
ACP_negative_105,2.0,0.0,1.0,1.0,0
ACP_negative_106,2.0,3.0,3.0,7.0,0
ACP_negative_107,2.0,0.0,2.0,4.0,0
ACP_negative_108,0.0,2.0,2.0,12.0,0
ACP_negative_109,0.0,3.0,1.0,0.0,0
ACP_negative_110,0.0,1.0,3.0,4.0,0
ACP_negative_111,1.0,3.0,5.0,5.0,0
ACP_negative_112,1.0,1.0,4.0,6.0,0
ACP_negative_113,1.0,0.0,1.0,5.0,0
ACP_negative_114,0.0,0.0,2.0,3.0,0
ACP_negative_115,4.0,5.0,3.0,4.0,0
ACP_negative_116,3.0,1.0,4.0,3.0,0
ACP_negative_117,1.0,1.0,2.0,6.0,0
ACP_negative_118,2.0,3.0,5.0,4.0,0
ACP_negative_119,1.0,2.0,4.0,5.0,0
ACP_negative_120,2.0,0.0,1.0,1.0,0
ACP_negative_121,2.0,1.0,2.0,3.0,0
ACP_negative_122,1.0,2.0,3.0,5.0,0
ACP_negative_123,2.0,1.0,3.0,4.0,0
ACP_negative_124,0.0,1.0,2.0,3.0,0
ACP_negative_125,1.0,2.0,1.0,1.0,0
ACP_negative_126,1.0,2.0,6.0,3.0,0
ACP_negative_127,0.0,2.0,2.0,3.0,0
ACP_negative_128,3.0,2.0,3.0,6.0,0
ACP_negative_129,0.0,1.0,0.0,4.0,0
ACP_negative_130,0.0,0.0,2.0,7.0,0
ACP_negative_131,2.0,1.0,0.0,0.0,0
ACP_negative_132,2.0,1.0,1.0,2.0,0
ACP_negative_133,0.0,4.0,1.0,2.0,0
ACP_negative_134,2.0,1.0,4.0,6.0,0
ACP_negative_135,4.0,5.0,2.0,3.0,0
ACP_negative_136,0.0,3.0,1.0,1.0,0
ACP_negative_137,2.0,2.0,3.0,3.0,0
ACP_negative_138,1.0,2.0,2.0,1.0,0
ACP_negative_139,0.0,3.0,5.0,4.0,0
ACP_negative_140,2.0,1.0,3.0,2.0,0
ACP_negative_141,0.0,2.0,4.0,4.0,0
ACP_negative_142,1.0,3.0,5.0,1.0,0
ACP_negative_143,0.0,5.0,6.0,2.0,0
ACP_negative_144,2.0,0.0,1.0,1.0,0
ACP_negative_145,2.0,1.0,5.0,6.0,0
ACP_negative_146,2.0,0.0,1.0,1.0,0
ACP_negative_147,0.0,2.0,3.0,2.0,0
ACP_negative_148,1.0,1.0,2.0,5.0,0
ACP_negative_149,1.0,4.0,4.0,4.0,0
ACP_negative_150,1.0,1.0,2.0,3.0,0
ACP_negative_151,2.0,2.0,5.0,7.0,0
ACP_negative_152,2.0,3.0,2.0,7.0,0
ACP_negative_153,0.0,1.0,0.0,2.0,0
ACP_negative_154,0.0,1.0,2.0,0.0,0
ACP_negative_155,1.0,0.0,2.0,4.0,0
ACP_negative_156,0.0,3.0,2.0,5.0,0
ACP_negative_157,0.0,4.0,3.0,7.0,0
ACP_negative_158,2.0,2.0,3.0,7.0,0
ACP_negative_159,1.0,1.0,3.0,4.0,0
ACP_negative_160,1.0,1.0,0.0,1.0,0
ACP_negative_161,2.0,2.0,2.0,5.0,0
ACP_negative_162,3.0,3.0,4.0,3.0,0
ACP_negative_163,2.0,1.0,2.0,10.0,0
ACP_negative_164,3.0,4.0,0.0,3.0,0
ACP_negative_165,0.0,0.0,1.0,2.0,0
ACP_negative_166,3.0,1.0,2.0,2.0,0
ACP_negative_167,0.0,2.0,2.0,6.0,0
ACP_negative_168,0.0,0.0,1.0,1.0,0
ACP_negative_169,0.0,1.0,0.0,2.0,0
ACP_negative_170,1.0,3.0,7.0,1.0,0
ACP_negative_171,1.0,3.0,4.0,3.0,0
ACP_negative_172,0.0,2.0,1.0,5.0,0
ACP_negative_173,1.0,1.0,3.0,6.0,0
ACP_negative_174,3.0,2.0,2.0,7.0,0
ACP_negative_175,0.0,2.0,5.0,3.0,0
ACP_negative_176,0.0,4.0,2.0,2.0,0
ACP_negative_177,2.0,3.0,3.0,2.0,0
ACP_negative_178,1.0,0.0,2.0,1.0,0
ACP_negative_179,1.0,2.0,2.0,10.0,0
ACP_negative_180,1.0,3.0,4.0,6.0,0
ACP_negative_181,2.0,2.0,0.0,2.0,0
ACP_negative_182,2.0,4.0,2.0,6.0,0
ACP_negative_183,0.0,1.0,0.0,4.0,0
ACP_negative_184,1.0,1.0,3.0,2.0,0
ACP_negative_185,0.0,2.0,2.0,5.0,0
ACP_negative_186,0.0,5.0,2.0,5.0,0
ACP_negative_187,0.0,2.0,3.0,4.0,0
ACP_negative_188,0.0,0.0,1.0,3.0,0
ACP_negative_189,1.0,2.0,1.0,3.0,0
ACP_negative_190,3.0,1.0,4.0,7.0,0
ACP_negative_191,0.0,3.0,3.0,5.0,0
ACP_negative_192,3.0,3.0,3.0,6.0,0
ACP_negative_193,0.0,1.0,0.0,1.0,0
ACP_negative_194,1.0,4.0,1.0,4.0,0
ACP_negative_195,0.0,2.0,4.0,2.0,0
ACP_negative_196,1.0,1.0,6.0,4.0,0
ACP_negative_197,3.0,1.0,2.0,2.0,0
ACP_negative_198,3.0,1.0,2.0,2.0,0
ACP_negative_199,3.0,2.0,4.0,7.0,0
ACP_negative_200,0.0,2.0,1.0,2.0,0
ACP_negative_201,3.0,1.0,4.0,4.0,0
ACP_negative_202,0.0,1.0,2.0,2.0,0
ACP_negative_203,0.0,2.0,2.0,12.0,0
ACP_negative_204,0.0,0.0,1.0,2.0,0
ACP_negative_205,0.0,1.0,1.0,2.0,0
ACP_negative_206,0.0,1.0,2.0,4.0,0
ACP_negative_207,2.0,4.0,4.0,2.0,0
ACP_negative_208,3.0,1.0,2.0,2.0,0
ACP_negative_209,2.0,8.0,2.0,5.0,0
ACP_negative_210,2.0,1.0,3.0,1.0,0
ACP_negative_211,2.0,3.0,4.0,1.0,0
ACP_negative_212,1.0,1.0,2.0,4.0,0
ACP_negative_213,1.0,3.0,1.0,7.0,0
ACP_negative_214,3.0,3.0,6.0,4.0,0
ACP_negative_215,0.0,2.0,5.0,3.0,0
ACP_negative_216,0.0,0.0,2.0,1.0,0
ACP_negative_217,1.0,0.0,3.0,4.0,0
ACP_negative_218,3.0,3.0,4.0,4.0,0
ACP_negative_219,1.0,3.0,2.0,6.0,0
ACP_negative_220,0.0,2.0,1.0,2.0,0
ACP_negative_221,0.0,1.0,2.0,2.0,0
ACP_negative_222,1.0,5.0,1.0,5.0,0
ACP_negative_223,3.0,1.0,4.0,4.0,0
ACP_negative_224,0.0,2.0,1.0,4.0,0
ACP_negative_225,3.0,2.0,3.0,3.0,0
ACP_negative_226,1.0,1.0,3.0,6.0,0
ACP_negative_227,3.0,3.0,0.0,0.0,0
ACP_negative_228,0.0,0.0,6.0,5.0,0
ACP_negative_229,1.0,1.0,4.0,0.0,0
ACP_negative_230,0.0,0.0,3.0,4.0,0
ACP_negative_231,2.0,0.0,2.0,1.0,0
ACP_negative_232,0.0,4.0,2.0,1.0,0
ACP_negative_233,0.0,2.0,0.0,4.0,0
ACP_negative_234,1.0,2.0,2.0,4.0,0
ACP_negative_235,0.0,3.0,2.0,5.0,0
ACP_negative_236,0.0,2.0,3.0,4.0,0
ACP_negative_237,0.0,1.0,3.0,4.0,0
ACP_negative_238,2.0,1.0,3.0,5.0,0
ACP_negative_239,1.0,2.0,1.0,4.0,0
ACP_negative_240,0.0,9.0,0.0,2.0,0
ACP_negative_241,0.0,3.0,3.0,5.0,0
ACP_negative_242,3.0,4.0,2.0,3.0,0
ACP_negative_243,3.0,2.0,6.0,5.0,0
ACP_negative_244,2.0,1.0,4.0,5.0,0
ACP_negative_245,1.0,1.0,3.0,4.0,0
ACP_negative_246,3.0,1.0,2.0,2.0,0
ACP_negative_247,1.0,3.0,2.0,4.0,0
ACP_negative_248,0.0,1.0,2.0,5.0,0
ACP_negative_249,1.0,1.0,4.0,6.0,0
ACP_negative_250,1.0,1.0,1.0,0.0,0
ACP_negative_251,2.0,0.0,0.0,4.0,0
ACP_negative_252,0.0,2.0,2.0,3.0,0
ACP_negative_253,0.0,2.0,4.0,8.0,0
ACP_negative_254,0.0,4.0,4.0,3.0,0
ACP_negative_255,2.0,1.0,3.0,4.0,0
ACP_negative_256,0.0,2.0,4.0,4.0,0
ACP_negative_257,1.0,1.0,3.0,5.0,0
ACP_negative_258,0.0,1.0,2.0,5.0,0
ACP_negative_259,2.0,2.0,3.0,2.0,0
ACP_negative_260,1.0,2.0,2.0,1.0,0
ACP_negative_261,3.0,1.0,2.0,2.0,0
ACP_negative_262,0.0,0.0,1.0,1.0,0
ACP_negative_263,2.0,2.0,4.0,7.0,0
ACP_negative_264,0.0,3.0,3.0,8.0,0
ACP_negative_265,0.0,2.0,3.0,4.0,0
ACP_negative_266,1.0,1.0,3.0,1.0,0
ACP_negative_267,2.0,0.0,4.0,2.0,0
ACP_negative_268,4.0,4.0,1.0,3.0,0
ACP_negative_269,2.0,1.0,3.0,6.0,0
ACP_negative_270,2.0,4.0,2.0,5.0,0
ACP_negative_271,1.0,2.0,2.0,1.0,0
ACP_negative_272,0.0,3.0,4.0,4.0,0
ACP_negative_273,0.0,1.0,0.0,6.0,0
ACP_negative_274,0.0,2.0,4.0,4.0,0
ACP_negative_275,0.0,0.0,2.0,7.0,0
ACP_negative_276,0.0,1.0,4.0,6.0,0
ACP_negative_277,0.0,0.0,1.0,4.0,0
ACP_negative_278,3.0,4.0,3.0,7.0,0
ACP_negative_279,0.0,0.0,3.0,7.0,0
ACP_negative_280,1.0,2.0,1.0,1.0,0
ACP_negative_281,0.0,2.0,1.0,3.0,0
ACP_negative_282,0.0,4.0,3.0,8.0,0
ACP_negative_283,3.0,0.0,5.0,8.0,0
ACP_negative_284,1.0,5.0,1.0,4.0,0
ACP_negative_285,0.0,3.0,1.0,7.0,0
ACP_negative_286,1.0,2.0,3.0,7.0,0
ACP_negative_287,1.0,1.0,2.0,4.0,0
ACP_negative_288,3.0,2.0,0.0,0.0,0
ACP_negative_289,2.0,1.0,3.0,1.0,0
ACP_negative_290,2.0,2.0,4.0,7.0,0
ACP_negative_291,1.0,5.0,4.0,6.0,0
ACP_negative_292,2.0,1.0,1.0,3.0,0
ACP_negative_293,2.0,4.0,3.0,3.0,0
ACP_negative_294,2.0,4.0,1.0,6.0,0
ACP_negative_295,1.0,1.0,1.0,1.0,0
ACP_negative_296,3.0,0.0,5.0,4.0,0
ACP_negative_297,2.0,1.0,3.0,5.0,0
ACP_negative_298,1.0,1.0,2.0,4.0,0
ACP_negative_299,0.0,2.0,0.0,1.0,0
ACP_negative_300,3.0,1.0,2.0,2.0,0
ACP_negative_301,0.0,3.0,1.0,1.0,0
ACP_negative_302,0.0,0.0,4.0,2.0,0
ACP_negative_303,1.0,1.0,1.0,2.0,0
ACP_negative_304,1.0,2.0,2.0,7.0,0
ACP_negative_305,2.0,1.0,3.0,2.0,0
ACP_negative_306,3.0,1.0,3.0,5.0,0
ACP_negative_307,3.0,1.0,1.0,2.0,0
ACP_negative_308,0.0,1.0,2.0,0.0,0
ACP_negative_309,2.0,1.0,1.0,1.0,0
ACP_negative_310,1.0,0.0,3.0,4.0,0
ACP_negative_311,1.0,2.0,3.0,1.0,0
ACP_negative_312,3.0,1.0,2.0,2.0,0
ACP_negative_313,0.0,4.0,4.0,3.0,0
ACP_negative_314,1.0,2.0,4.0,6.0,0
ACP_negative_315,1.0,5.0,1.0,2.0,0
ACP_negative_316,0.0,1.0,0.0,4.0,0
ACP_negative_317,0.0,3.0,3.0,2.0,0
ACP_negative_318,0.0,3.0,3.0,2.0,0
ACP_negative_319,2.0,5.0,3.0,4.0,0
ACP_negative_320,2.0,1.0,5.0,1.0,0
ACP_negative_321,0.0,1.0,0.0,3.0,0
ACP_negative_322,0.0,2.0,1.0,4.0,0
ACP_negative_323,3.0,4.0,2.0,3.0,0
ACP_negative_324,2.0,3.0,1.0,2.0,0
ACP_negative_325,3.0,4.0,3.0,7.0,0
ACP_negative_326,1.0,0.0,1.0,1.0,0
ACP_negative_327,3.0,2.0,3.0,3.0,0
ACP_negative_328,1.0,0.0,3.0,4.0,0
ACP_negative_329,1.0,8.0,2.0,6.0,0
ACP_negative_330,0.0,2.0,3.0,4.0,0
ACP_negative_331,0.0,5.0,1.0,7.0,0
ACP_negative_332,1.0,0.0,4.0,3.0,0
ACP_negative_333,2.0,4.0,3.0,7.0,0
ACP_negative_334,1.0,1.0,2.0,2.0,0
ACP_negative_335,1.0,1.0,0.0,2.0,0
ACP_negative_336,1.0,0.0,1.0,2.0,0
ACP_negative_337,2.0,1.0,5.0,0.0,0
ACP_negative_338,1.0,3.0,3.0,5.0,0
ACP_negative_339,3.0,1.0,8.0,2.0,0
ACP_negative_340,1.0,0.0,1.0,2.0,0
ACP_negative_341,0.0,2.0,2.0,4.0,0
ACP_negative_342,2.0,2.0,8.0,5.0,0
ACP_negative_343,3.0,1.0,3.0,5.0,0
ACP_negative_344,4.0,1.0,1.0,2.0,0
ACP_negative_345,0.0,2.0,3.0,2.0,0
ACP_negative_346,1.0,0.0,3.0,3.0,0
ACP_negative_347,0.0,1.0,4.0,6.0,0
ACP_negative_348,2.0,3.0,3.0,3.0,0
ACP_negative_349,0.0,8.0,1.0,3.0,0
ACP_negative_350,1.0,4.0,1.0,7.0,0
ACP_negative_351,0.0,0.0,3.0,0.0,0
ACP_negative_352,3.0,1.0,1.0,3.0,0
ACP_negative_353,2.0,0.0,1.0,1.0,0
ACP_negative_354,0.0,6.0,3.0,6.0,0
ACP_negative_355,0.0,3.0,1.0,1.0,0
ACP_negative_356,3.0,3.0,3.0,6.0,0
ACP_negative_357,1.0,1.0,3.0,2.0,0
ACP_negative_358,0.0,4.0,6.0,6.0,0
ACP_negative_359,0.0,0.0,1.0,2.0,0
ACP_negative_360,1.0,1.0,3.0,3.0,0
ACP_negative_361,2.0,1.0,2.0,3.0,0
ACP_negative_362,0.0,0.0,2.0,1.0,0
ACP_negative_363,0.0,2.0,4.0,4.0,0
ACP_negative_364,3.0,0.0,5.0,4.0,0
ACP_negative_365,0.0,2.0,3.0,2.0,0
ACP_negative_366,1.0,2.0,3.0,5.0,0
ACP_negative_367,3.0,4.0,2.0,3.0,0
ACP_negative_368,1.0,3.0,4.0,6.0,0
ACP_negative_369,0.0,5.0,2.0,3.0,0
ACP_negative_370,0.0,0.0,4.0,4.0,0
ACP_negative_371,1.0,2.0,2.0,1.0,0
ACP_negative_372,1.0,2.0,6.0,4.0,0
ACP_negative_373,2.0,0.0,2.0,0.0,0
ACP_negative_374,4.0,3.0,1.0,3.0,0
ACP_negative_375,0.0,0.0,1.0,1.0,0
ACP_negative_376,2.0,1.0,2.0,2.0,0
ACP_negative_377,1.0,3.0,6.0,4.0,0
ACP_negative_378,1.0,1.0,2.0,4.0,0
ACP_negative_379,1.0,1.0,4.0,6.0,0
ACP_negative_380,0.0,4.0,3.0,4.0,0
ACP_negative_381,3.0,3.0,3.0,7.0,0
ACP_negative_382,2.0,2.0,6.0,5.0,0
ACP_negative_383,1.0,8.0,2.0,6.0,0
ACP_negative_384,0.0,2.0,4.0,4.0,0
ACP_negative_385,2.0,2.0,2.0,0.0,0
ACP_negative_386,1.0,1.0,3.0,1.0,0
ACP_negative_387,1.0,1.0,2.0,3.0,0
ACP_negative_388,2.0,5.0,2.0,2.0,0
ACP_negative_389,1.0,2.0,5.0,6.0,0
ACP_negative_390,0.0,1.0,2.0,0.0,0
ACP_negative_391,0.0,0.0,0.0,3.0,0
ACP_negative_392,0.0,3.0,2.0,7.0,0
ACP_negative_393,1.0,0.0,4.0,3.0,0
ACP_negative_394,1.0,0.0,3.0,3.0,0
ACP_negative_395,1.0,1.0,0.0,3.0,0
ACP_negative_396,1.0,3.0,0.0,1.0,0
ACP_negative_397,2.0,2.0,3.0,5.0,0
ACP_negative_398,1.0,1.0,2.0,1.0,0
ACP_negative_399,1.0,3.0,1.0,8.0,0
ACP_negative_400,2.0,3.0,4.0,1.0,0
ACP_negative_401,1.0,2.0,1.0,1.0,0
ACP_negative_402,4.0,2.0,3.0,7.0,0
ACP_negative_403,0.0,1.0,2.0,1.0,0
ACP_negative_404,1.0,1.0,1.0,4.0,0
ACP_negative_405,1.0,0.0,0.0,5.0,0
ACP_negative_406,0.0,7.0,2.0,6.0,0
ACP_negative_407,1.0,2.0,1.0,2.0,0
ACP_negative_408,2.0,4.0,1.0,9.0,0
ACP_negative_409,1.0,2.0,7.0,5.0,0
ACP_negative_410,1.0,2.0,1.0,3.0,0
ACP_negative_411,1.0,2.0,2.0,1.0,0
ACP_negative_412,1.0,2.0,5.0,2.0,0
ACP_negative_413,0.0,4.0,3.0,3.0,0
ACP_negative_414,1.0,1.0,1.0,1.0,0
ACP_negative_415,1.0,3.0,2.0,3.0,0
ACP_negative_416,2.0,3.0,1.0,2.0,0
ACP_negative_417,3.0,1.0,1.0,1.0,0
ACP_negative_418,0.0,2.0,1.0,2.0,0
ACP_negative_419,2.0,1.0,0.0,3.0,0
ACP_negative_420,2.0,2.0,1.0,1.0,0
ACP_negative_421,4.0,3.0,3.0,4.0,0
ACP_negative_422,1.0,1.0,1.0,4.0,0
ACP_negative_423,4.0,2.0,1.0,5.0,0
ACP_negative_424,1.0,1.0,5.0,6.0,0
ACP_negative_425,1.0,0.0,4.0,4.0,0
ACP_negative_426,0.0,1.0,1.0,5.0,0
ACP_negative_427,1.0,2.0,0.0,3.0,0
ACP_negative_428,0.0,1.0,1.0,1.0,0
ACP_negative_429,1.0,6.0,0.0,5.0,0
ACP_negative_430,0.0,3.0,2.0,4.0,0
ACP_negative_431,0.0,3.0,1.0,1.0,0
ACP_negative_432,1.0,1.0,5.0,2.0,0
ACP_negative_433,1.0,1.0,2.0,1.0,0
ACP_negative_434,3.0,1.0,2.0,2.0,0
ACP_negative_435,0.0,1.0,2.0,3.0,0
ACP_negative_436,1.0,3.0,0.0,1.0,0
ACP_negative_437,1.0,1.0,1.0,2.0,0
ACP_negative_438,1.0,2.0,3.0,6.0,0
ACP_negative_439,1.0,2.0,2.0,7.0,0
ACP_negative_440,2.0,3.0,1.0,1.0,0
ACP_negative_441,2.0,0.0,0.0,0.0,0
ACP_negative_442,3.0,1.0,2.0,2.0,0
ACP_negative_443,0.0,4.0,6.0,6.0,0
ACP_negative_444,0.0,2.0,4.0,4.0,0
ACP_negative_445,0.0,1.0,0.0,4.0,0
ACP_negative_446,1.0,2.0,9.0,3.0,0
ACP_negative_447,3.0,1.0,2.0,2.0,0
ACP_negative_448,3.0,0.0,3.0,6.0,0
ACP_negative_449,1.0,0.0,6.0,2.0,0
ACP_negative_450,0.0,2.0,1.0,9.0,0
ACP_negative_451,0.0,0.0,1.0,2.0,0
ACP_negative_452,0.0,1.0,3.0,7.0,0
ACP_negative_453,1.0,3.0,6.0,6.0,0
ACP_negative_454,1.0,1.0,2.0,1.0,0
ACP_negative_455,2.0,2.0,3.0,3.0,0
ACP_negative_456,0.0,6.0,1.0,3.0,0
ACP_negative_457,2.0,1.0,5.0,7.0,0
ACP_negative_458,0.0,6.0,1.0,4.0,0
ACP_negative_459,1.0,1.0,1.0,2.0,0
ACP_negative_460,1.0,2.0,2.0,6.0,0
ACP_negative_461,2.0,2.0,2.0,5.0,0
ACP_negative_462,0.0,1.0,0.0,5.0,0
ACP_negative_463,3.0,2.0,3.0,2.0,0
ACP_negative_464,0.0,5.0,2.0,3.0,0
ACP_negative_465,1.0,3.0,2.0,2.0,0
ACP_negative_466,2.0,1.0,2.0,1.0,0
ACP_negative_467,1.0,4.0,6.0,5.0,0
ACP_negative_468,0.0,1.0,3.0,3.0,0
ACP_negative_469,2.0,0.0,1.0,2.0,0
ACP_negative_470,1.0,0.0,5.0,3.0,0
ACP_negative_471,0.0,2.0,2.0,11.0,0
ACP_negative_472,2.0,0.0,2.0,3.0,0
ACP_negative_473,0.0,1.0,1.0,0.0,0
ACP_negative_474,1.0,1.0,2.0,4.0,0
ACP_negative_475,1.0,5.0,2.0,4.0,0
ACP_negative_476,0.0,3.0,3.0,5.0,0
ACP_negative_477,1.0,4.0,1.0,8.0,0
ACP_negative_478,1.0,2.0,1.0,3.0,0
ACP_negative_479,2.0,5.0,5.0,5.0,0
ACP_negative_480,3.0,1.0,1.0,1.0,0
ACP_negative_481,0.0,5.0,1.0,7.0,0
ACP_negative_482,2.0,1.0,1.0,2.0,0
ACP_negative_483,0.0,1.0,1.0,1.0,0
ACP_negative_484,1.0,2.0,1.0,1.0,0
ACP_negative_485,3.0,2.0,3.0,6.0,0
ACP_negative_486,2.0,1.0,0.0,1.0,0
ACP_negative_487,2.0,3.0,2.0,7.0,0
ACP_negative_488,1.0,2.0,2.0,6.0,0
ACP_negative_489,1.0,5.0,3.0,6.0,0
ACP_negative_490,1.0,2.0,3.0,1.0,0
ACP_negative_491,1.0,2.0,6.0,1.0,0
ACP_negative_492,0.0,2.0,4.0,2.0,0
ACP_negative_493,1.0,2.0,1.0,1.0,0
ACP_negative_494,2.0,4.0,1.0,2.0,0
ACP_negative_495,1.0,4.0,4.0,5.0,0
ACP_negative_496,1.0,5.0,4.0,3.0,0
ACP_negative_497,0.0,3.0,4.0,6.0,0
ACP_negative_498,1.0,1.0,3.0,2.0,0
ACP_negative_499,1.0,2.0,2.0,3.0,0
ACP_negative_500,1.0,2.0,2.0,4.0,0
ACP_negative_501,1.0,2.0,2.0,6.0,0
ACP_negative_502,0.0,1.0,1.0,6.0,0
ACP_negative_503,1.0,4.0,1.0,4.0,0
ACP_negative_504,0.0,7.0,5.0,3.0,0
ACP_negative_505,0.0,1.0,0.0,3.0,0
ACP_negative_506,1.0,3.0,0.0,2.0,0
ACP_negative_507,1.0,0.0,3.0,3.0,0
ACP_negative_508,0.0,1.0,2.0,3.0,0
ACP_negative_509,2.0,2.0,8.0,4.0,0
ACP_negative_510,1.0,1.0,2.0,0.0,0
ACP_negative_511,0.0,5.0,1.0,7.0,0
ACP_negative_512,2.0,0.0,4.0,2.0,0
ACP_negative_513,1.0,2.0,4.0,5.0,0
ACP_negative_514,3.0,1.0,2.0,2.0,0
ACP_negative_515,2.0,2.0,2.0,8.0,0
ACP_negative_516,2.0,3.0,6.0,3.0,0
ACP_negative_517,2.0,2.0,4.0,7.0,0
ACP_negative_518,1.0,3.0,0.0,9.0,0
ACP_negative_519,1.0,3.0,2.0,5.0,0
ACP_negative_520,1.0,0.0,1.0,2.0,0
ACP_negative_521,1.0,2.0,1.0,1.0,0
ACP_negative_522,1.0,3.0,0.0,1.0,0
ACP_negative_523,0.0,0.0,2.0,1.0,0
ACP_negative_524,1.0,1.0,4.0,0.0,0
ACP_negative_525,0.0,1.0,4.0,3.0,0
ACP_negative_526,2.0,1.0,2.0,6.0,0
ACP_negative_527,1.0,1.0,1.0,1.0,0
ACP_negative_528,1.0,1.0,3.0,2.0,0
ACP_negative_529,2.0,5.0,5.0,5.0,0
ACP_negative_530,0.0,3.0,1.0,3.0,0
ACP_negative_531,1.0,2.0,2.0,6.0,0
ACP_negative_532,1.0,3.0,0.0,1.0,0
ACP_negative_533,0.0,2.0,2.0,2.0,0
ACP_negative_534,2.0,3.0,0.0,5.0,0
ACP_negative_535,1.0,0.0,1.0,2.0,0
ACP_negative_536,1.0,1.0,1.0,2.0,0
ACP_negative_537,0.0,5.0,1.0,5.0,0
ACP_negative_538,3.0,2.0,0.0,3.0,0
ACP_negative_539,0.0,2.0,2.0,2.0,0
ACP_negative_540,0.0,1.0,1.0,0.0,0
ACP_negative_541,1.0,0.0,3.0,2.0,0
ACP_negative_542,1.0,0.0,1.0,2.0,0
ACP_negative_543,1.0,1.0,3.0,5.0,0
ACP_negative_544,1.0,0.0,1.0,2.0,0
ACP_negative_545,0.0,6.0,3.0,6.0,0
ACP_negative_546,0.0,7.0,5.0,3.0,0
ACP_negative_547,2.0,1.0,1.0,2.0,0
ACP_negative_548,1.0,1.0,1.0,0.0,0
ACP_negative_549,1.0,4.0,2.0,6.0,0
ACP_negative_550,0.0,1.0,1.0,1.0,0
ACP_negative_551,0.0,2.0,3.0,4.0,0
ACP_negative_552,0.0,3.0,2.0,5.0,0
ACP_negative_553,1.0,1.0,1.0,0.0,0
ACP_negative_554,2.0,0.0,0.0,4.0,0
ACP_negative_555,2.0,3.0,1.0,5.0,0
ACP_negative_556,1.0,3.0,2.0,8.0,0
ACP_negative_557,0.0,0.0,0.0,2.0,0
ACP_negative_558,1.0,4.0,1.0,6.0,0
ACP_negative_559,2.0,3.0,4.0,1.0,0
ACP_negative_560,1.0,1.0,3.0,2.0,0
ACP_negative_561,2.0,1.0,2.0,2.0,0
ACP_negative_562,0.0,1.0,3.0,2.0,0
ACP_negative_563,2.0,2.0,1.0,2.0,0
ACP_negative_564,3.0,0.0,3.0,7.0,0
ACP_negative_565,0.0,2.0,3.0,4.0,0
ACP_negative_566,0.0,1.0,0.0,1.0,0
ACP_negative_567,2.0,1.0,2.0,2.0,0
ACP_negative_568,1.0,2.0,4.0,7.0,0
ACP_negative_569,2.0,4.0,2.0,7.0,0
ACP_negative_570,2.0,3.0,2.0,5.0,0
ACP_negative_571,0.0,2.0,3.0,4.0,0
ACP_negative_572,1.0,5.0,5.0,4.0,0
ACP_negative_573,1.0,1.0,0.0,3.0,0
ACP_negative_574,1.0,1.0,3.0,2.0,0
ACP_negative_575,0.0,2.0,3.0,4.0,0
ACP_negative_576,2.0,1.0,4.0,3.0,0
ACP_negative_577,1.0,3.0,0.0,7.0,0
ACP_negative_578,1.0,2.0,2.0,5.0,0
ACP_negative_579,2.0,5.0,4.0,6.0,0
ACP_negative_580,1.0,0.0,0.0,2.0,0
ACP_negative_581,0.0,2.0,4.0,4.0,0
ACP_negative_582,1.0,0.0,4.0,3.0,0
ACP_negative_583,1.0,2.0,1.0,3.0,0
ACP_negative_584,4.0,2.0,1.0,4.0,0
ACP_negative_585,2.0,1.0,6.0,7.0,0
ACP_negative_586,1.0,0.0,6.0,2.0,0
ACP_negative_587,1.0,3.0,6.0,6.0,0
ACP_negative_588,3.0,0.0,1.0,2.0,0
ACP_negative_589,1.0,2.0,0.0,0.0,0
ACP_negative_590,3.0,2.0,0.0,8.0,0
ACP_negative_591,2.0,1.0,1.0,2.0,0
ACP_negative_592,1.0,4.0,3.0,8.0,0
ACP_negative_593,0.0,1.0,4.0,1.0,0
ACP_negative_594,3.0,3.0,3.0,8.0,0
ACP_negative_595,1.0,1.0,2.0,5.0,0
ACP_negative_596,2.0,0.0,0.0,4.0,0
ACP_negative_597,2.0,2.0,4.0,8.0,0
ACP_negative_598,3.0,4.0,2.0,3.0,0
ACP_negative_599,1.0,2.0,1.0,0.0,0
ACP_negative_600,4.0,3.0,2.0,7.0,0
ACP_negative_601,1.0,1.0,2.0,1.0,0
ACP_negative_602,1.0,3.0,0.0,1.0,0
ACP_negative_603,1.0,1.0,4.0,0.0,0
ACP_negative_604,0.0,3.0,1.0,2.0,0
ACP_negative_605,3.0,1.0,1.0,3.0,0
ACP_negative_606,2.0,1.0,1.0,5.0,0
ACP_negative_607,3.0,0.0,4.0,4.0,0
ACP_negative_608,1.0,2.0,2.0,2.0,0
ACP_negative_609,1.0,2.0,1.0,2.0,0
ACP_negative_610,3.0,1.0,4.0,5.0,0
ACP_negative_611,2.0,0.0,1.0,3.0,0
ACP_negative_612,2.0,1.0,3.0,2.0,0
ACP_negative_613,0.0,0.0,0.0,3.0,0
ACP_negative_614,1.0,1.0,2.0,0.0,0
ACP_negative_615,0.0,2.0,0.0,1.0,0
ACP_negative_616,0.0,1.0,1.0,6.0,0
ACP_negative_617,2.0,0.0,4.0,2.0,0
ACP_negative_618,1.0,1.0,2.0,2.0,0
ACP_negative_619,1.0,1.0,2.0,2.0,0
ACP_negative_620,0.0,2.0,4.0,4.0,0
ACP_negative_621,1.0,1.0,3.0,3.0,0
ACP_negative_622,1.0,5.0,2.0,3.0,0
ACP_negative_623,1.0,0.0,3.0,3.0,0
ACP_negative_624,5.0,3.0,1.0,7.0,0
ACP_negative_625,0.0,2.0,1.0,0.0,0
ACP_negative_626,1.0,1.0,2.0,0.0,0
ACP_negative_627,1.0,0.0,2.0,1.0,0
ACP_negative_628,1.0,0.0,3.0,5.0,0
ACP_negative_629,3.0,0.0,5.0,4.0,0
ACP_negative_630,3.0,1.0,2.0,2.0,0
ACP_negative_631,0.0,2.0,3.0,7.0,0
ACP_negative_632,1.0,1.0,2.0,4.0,0
ACP_negative_633,2.0,0.0,1.0,1.0,0
ACP_negative_634,0.0,2.0,4.0,4.0,0
ACP_negative_635,2.0,1.0,5.0,7.0,0
ACP_negative_636,2.0,4.0,3.0,7.0,0
ACP_negative_637,0.0,3.0,0.0,3.0,0
ACP_negative_638,2.0,0.0,1.0,1.0,0
ACP_negative_639,1.0,0.0,2.0,3.0,0
ACP_negative_640,3.0,2.0,4.0,7.0,0
ACP_negative_641,1.0,2.0,4.0,5.0,0
ACP_negative_642,2.0,3.0,5.0,6.0,0
ACP_negative_643,3.0,2.0,2.0,4.0,0
ACP_negative_644,2.0,3.0,3.0,6.0,0
ACP_negative_645,0.0,1.0,3.0,7.0,0
ACP_negative_646,1.0,2.0,1.0,0.0,0
ACP_negative_647,1.0,1.0,2.0,2.0,0
ACP_negative_648,1.0,0.0,4.0,2.0,0
ACP_negative_649,2.0,4.0,3.0,4.0,0
ACP_negative_650,1.0,5.0,3.0,2.0,0
ACP_negative_651,4.0,2.0,3.0,4.0,0
ACP_negative_652,0.0,5.0,1.0,7.0,0
ACP_negative_653,3.0,3.0,2.0,3.0,0
ACP_negative_654,0.0,0.0,3.0,8.0,0
ACP_negative_655,0.0,5.0,1.0,6.0,0
ACP_negative_656,1.0,2.0,0.0,4.0,0
ACP_negative_657,2.0,1.0,3.0,9.0,0
ACP_negative_658,0.0,4.0,1.0,3.0,0
ACP_negative_659,0.0,3.0,3.0,5.0,0
ACP_negative_660,0.0,2.0,1.0,1.0,0
ACP_negative_661,1.0,3.0,2.0,0.0,0
ACP_negative_662,1.0,1.0,5.0,3.0,0
ACP_negative_663,0.0,2.0,1.0,2.0,0
ACP_negative_664,2.0,1.0,3.0,9.0,0
ACP_negative_665,2.0,1.0,3.0,1.0,0
ACP_negative_666,1.0,0.0,0.0,2.0,0
ACP_negative_667,1.0,2.0,1.0,1.0,0
ACP_negative_668,1.0,2.0,2.0,4.0,0
ACP_negative_669,2.0,2.0,4.0,7.0,0
ACP_negative_670,0.0,1.0,1.0,1.0,0
ACP_negative_671,0.0,2.0,2.0,3.0,0
ACP_negative_672,2.0,1.0,3.0,1.0,0
ACP_negative_673,0.0,4.0,4.0,7.0,0
ACP_negative_674,0.0,1.0,0.0,2.0,0
ACP_negative_675,0.0,1.0,1.0,1.0,0
ACP_negative_676,2.0,4.0,1.0,6.0,0
ACP_negative_677,1.0,1.0,1.0,2.0,0
ACP_negative_678,0.0,1.0,3.0,6.0,0
ACP_negative_679,1.0,1.0,1.0,1.0,0
ACP_negative_680,2.0,2.0,3.0,5.0,0
ACP_negative_681,0.0,2.0,3.0,3.0,0
ACP_negative_682,1.0,1.0,2.0,3.0,0
ACP_negative_683,0.0,3.0,4.0,5.0,0
ACP_negative_684,1.0,1.0,3.0,2.0,0
ACP_negative_685,1.0,1.0,1.0,3.0,0
ACP_negative_686,1.0,6.0,2.0,4.0,0
ACP_negative_687,1.0,0.0,3.0,3.0,0
ACP_negative_688,0.0,3.0,5.0,4.0,0
