name,type3A_T1.G.1_T1.G.1_gap2,type3A_T1.G.1_T1.G.2_gap2,type3A_T1.G.2_T1.G.1_gap2,type3A_T1.G.2_T1.G.2_gap2,target
ACP_positive_1,8.0,0.0,0.0,0.0,1
ACP_positive_2,3.0,0.0,0.0,0.0,1
ACP_positive_3,7.0,0.0,0.0,0.0,1
ACP_positive_4,7.0,0.0,0.0,0.0,1
ACP_positive_5,9.0,0.0,1.0,0.0,1
ACP_positive_6,2.0,0.0,0.0,0.0,1
ACP_positive_7,5.0,0.0,0.0,0.0,1
ACP_positive_8,4.0,0.0,0.0,0.0,1
ACP_positive_9,4.0,0.0,0.0,0.0,1
ACP_positive_10,6.0,0.0,1.0,0.0,1
ACP_positive_11,7.0,0.0,0.0,0.0,1
ACP_positive_12,7.0,0.0,0.0,0.0,1
ACP_positive_13,8.0,1.0,0.0,0.0,1
ACP_positive_14,4.0,0.0,0.0,0.0,1
ACP_positive_15,3.0,0.0,0.0,0.0,1
ACP_positive_16,4.0,0.0,0.0,0.0,1
ACP_positive_17,5.0,0.0,0.0,0.0,1
ACP_positive_18,8.0,0.0,0.0,0.0,1
ACP_positive_19,6.0,0.0,0.0,0.0,1
ACP_positive_20,8.0,0.0,0.0,0.0,1
ACP_positive_21,4.0,0.0,0.0,0.0,1
ACP_positive_22,9.0,0.0,0.0,0.0,1
ACP_positive_23,5.0,0.0,0.0,0.0,1
ACP_positive_24,4.0,0.0,0.0,0.0,1
ACP_positive_25,6.0,0.0,0.0,0.0,1
ACP_positive_26,9.0,0.0,0.0,0.0,1
ACP_positive_27,8.0,0.0,0.0,0.0,1
ACP_positive_28,4.0,0.0,0.0,0.0,1
ACP_positive_29,6.0,0.0,0.0,0.0,1
ACP_positive_30,4.0,0.0,0.0,0.0,1
ACP_positive_31,4.0,1.0,0.0,0.0,1
ACP_positive_32,6.0,1.0,0.0,0.0,1
ACP_positive_33,3.0,0.0,0.0,0.0,1
ACP_positive_34,8.0,0.0,0.0,0.0,1
ACP_positive_35,9.0,0.0,1.0,0.0,1
ACP_positive_36,13.0,2.0,1.0,0.0,1
ACP_positive_37,15.0,0.0,0.0,0.0,1
ACP_positive_38,7.0,0.0,0.0,0.0,1
ACP_positive_39,4.0,1.0,0.0,0.0,1
ACP_positive_40,10.0,0.0,0.0,0.0,1
ACP_positive_41,4.0,0.0,0.0,0.0,1
ACP_positive_42,8.0,0.0,0.0,0.0,1
ACP_positive_43,4.0,0.0,0.0,0.0,1
ACP_positive_44,8.0,0.0,0.0,0.0,1
ACP_positive_45,10.0,0.0,0.0,0.0,1
ACP_positive_46,3.0,0.0,0.0,0.0,1
ACP_positive_47,10.0,0.0,0.0,0.0,1
ACP_positive_48,4.0,0.0,0.0,0.0,1
ACP_positive_49,7.0,0.0,0.0,0.0,1
ACP_positive_50,5.0,0.0,0.0,0.0,1
ACP_positive_51,6.0,0.0,0.0,0.0,1
ACP_positive_52,3.0,0.0,1.0,0.0,1
ACP_positive_53,12.0,1.0,0.0,0.0,1
ACP_positive_54,5.0,0.0,0.0,0.0,1
ACP_positive_55,5.0,0.0,0.0,0.0,1
ACP_positive_56,10.0,0.0,0.0,0.0,1
ACP_positive_57,5.0,0.0,0.0,0.0,1
ACP_positive_58,6.0,0.0,0.0,0.0,1
ACP_positive_59,8.0,0.0,0.0,0.0,1
ACP_positive_60,10.0,0.0,0.0,0.0,1
ACP_positive_61,4.0,0.0,0.0,0.0,1
ACP_positive_62,4.0,0.0,0.0,0.0,1
ACP_positive_63,2.0,0.0,0.0,0.0,1
ACP_positive_64,6.0,0.0,0.0,0.0,1
ACP_positive_65,4.0,0.0,0.0,0.0,1
ACP_positive_66,5.0,0.0,0.0,0.0,1
ACP_positive_67,5.0,0.0,0.0,0.0,1
ACP_positive_68,10.0,0.0,0.0,0.0,1
ACP_positive_69,6.0,1.0,0.0,0.0,1
ACP_positive_70,6.0,1.0,0.0,0.0,1
ACP_positive_71,4.0,0.0,0.0,0.0,1
ACP_positive_72,3.0,0.0,0.0,0.0,1
ACP_positive_73,8.0,1.0,0.0,0.0,1
ACP_positive_74,5.0,0.0,0.0,0.0,1
ACP_positive_75,10.0,0.0,0.0,0.0,1
ACP_positive_76,7.0,0.0,0.0,0.0,1
ACP_positive_77,10.0,1.0,0.0,0.0,1
ACP_positive_78,10.0,1.0,0.0,0.0,1
ACP_positive_79,9.0,1.0,0.0,0.0,1
ACP_positive_80,4.0,0.0,0.0,0.0,1
ACP_positive_81,4.0,0.0,0.0,0.0,1
ACP_positive_82,4.0,0.0,0.0,0.0,1
ACP_positive_83,5.0,0.0,1.0,1.0,1
ACP_positive_84,13.0,0.0,0.0,0.0,1
ACP_positive_85,6.0,0.0,0.0,0.0,1
ACP_positive_86,6.0,0.0,0.0,0.0,1
ACP_positive_87,2.0,1.0,1.0,0.0,1
ACP_positive_88,4.0,0.0,0.0,0.0,1
ACP_positive_89,5.0,0.0,0.0,0.0,1
ACP_positive_90,5.0,0.0,0.0,0.0,1
ACP_positive_91,11.0,1.0,0.0,0.0,1
ACP_positive_92,5.0,0.0,0.0,0.0,1
ACP_positive_93,4.0,0.0,0.0,0.0,1
ACP_positive_94,6.0,0.0,0.0,0.0,1
ACP_positive_95,4.0,0.0,0.0,0.0,1
ACP_positive_96,8.0,0.0,0.0,0.0,1
ACP_positive_97,8.0,0.0,0.0,0.0,1
ACP_positive_98,13.0,0.0,0.0,0.0,1
ACP_positive_99,5.0,0.0,0.0,0.0,1
ACP_positive_100,4.0,1.0,0.0,0.0,1
ACP_positive_101,10.0,0.0,0.0,0.0,1
ACP_positive_102,7.0,0.0,1.0,0.0,1
ACP_positive_103,4.0,0.0,0.0,0.0,1
ACP_positive_104,6.0,0.0,0.0,0.0,1
ACP_positive_105,8.0,0.0,0.0,0.0,1
ACP_positive_106,7.0,0.0,0.0,0.0,1
ACP_positive_107,4.0,0.0,0.0,0.0,1
ACP_positive_108,4.0,0.0,0.0,0.0,1
ACP_positive_109,7.0,0.0,1.0,0.0,1
ACP_positive_110,4.0,0.0,0.0,0.0,1
ACP_positive_111,4.0,0.0,0.0,0.0,1
ACP_positive_112,8.0,0.0,0.0,0.0,1
ACP_positive_113,6.0,0.0,0.0,0.0,1
ACP_positive_114,7.0,0.0,0.0,0.0,1
ACP_positive_115,9.0,1.0,0.0,0.0,1
ACP_positive_116,12.0,0.0,0.0,0.0,1
ACP_positive_117,7.0,0.0,0.0,0.0,1
ACP_positive_118,7.0,0.0,0.0,0.0,1
ACP_positive_119,5.0,0.0,0.0,0.0,1
ACP_positive_120,9.0,0.0,0.0,0.0,1
ACP_positive_121,7.0,0.0,0.0,0.0,1
ACP_positive_122,10.0,0.0,1.0,0.0,1
ACP_positive_123,10.0,0.0,0.0,0.0,1
ACP_positive_124,13.0,0.0,0.0,0.0,1
ACP_positive_125,6.0,0.0,0.0,0.0,1
ACP_positive_126,16.0,0.0,0.0,0.0,1
ACP_positive_127,6.0,0.0,0.0,0.0,1
ACP_positive_128,6.0,0.0,0.0,0.0,1
ACP_positive_129,5.0,0.0,0.0,0.0,1
ACP_positive_130,4.0,0.0,0.0,0.0,1
ACP_positive_131,7.0,1.0,0.0,0.0,1
ACP_positive_132,5.0,0.0,0.0,0.0,1
ACP_positive_133,3.0,0.0,0.0,0.0,1
ACP_positive_134,13.0,0.0,0.0,0.0,1
ACP_positive_135,3.0,0.0,0.0,0.0,1
ACP_positive_136,3.0,0.0,0.0,0.0,1
ACP_positive_137,6.0,0.0,0.0,0.0,1
ACP_positive_138,6.0,0.0,0.0,0.0,1
ACP_positive_139,10.0,0.0,1.0,0.0,1
ACP_positive_140,9.0,0.0,1.0,0.0,1
ACP_positive_141,3.0,0.0,0.0,0.0,1
ACP_positive_142,3.0,0.0,0.0,0.0,1
ACP_positive_143,5.0,0.0,0.0,0.0,1
ACP_positive_144,8.0,0.0,0.0,0.0,1
ACP_positive_145,2.0,0.0,1.0,0.0,1
ACP_positive_146,5.0,0.0,0.0,0.0,1
ACP_positive_147,12.0,0.0,1.0,0.0,1
ACP_positive_148,4.0,0.0,0.0,0.0,1
ACP_positive_149,5.0,0.0,0.0,0.0,1
ACP_positive_150,2.0,0.0,2.0,0.0,1
ACP_positive_151,5.0,0.0,0.0,0.0,1
ACP_positive_152,5.0,0.0,0.0,0.0,1
ACP_positive_153,10.0,0.0,0.0,0.0,1
ACP_positive_154,7.0,0.0,0.0,0.0,1
ACP_positive_155,7.0,0.0,0.0,0.0,1
ACP_positive_156,12.0,0.0,0.0,0.0,1
ACP_positive_157,4.0,0.0,0.0,0.0,1
ACP_positive_158,5.0,0.0,0.0,0.0,1
ACP_positive_159,5.0,0.0,0.0,0.0,1
ACP_positive_160,6.0,0.0,0.0,0.0,1
ACP_positive_161,4.0,0.0,0.0,0.0,1
ACP_positive_162,5.0,1.0,1.0,0.0,1
ACP_positive_163,8.0,0.0,0.0,0.0,1
ACP_positive_164,5.0,1.0,0.0,0.0,1
ACP_positive_165,5.0,0.0,0.0,0.0,1
ACP_positive_166,5.0,0.0,0.0,0.0,1
ACP_positive_167,4.0,0.0,0.0,0.0,1
ACP_positive_168,2.0,0.0,2.0,0.0,1
ACP_positive_169,9.0,1.0,0.0,0.0,1
ACP_positive_170,4.0,0.0,0.0,0.0,1
ACP_positive_171,4.0,0.0,0.0,0.0,1
ACP_positive_172,3.0,0.0,0.0,0.0,1
ACP_positive_173,5.0,0.0,2.0,0.0,1
ACP_positive_174,12.0,0.0,0.0,0.0,1
ACP_positive_175,5.0,0.0,0.0,0.0,1
ACP_positive_176,2.0,0.0,2.0,0.0,1
ACP_positive_177,4.0,0.0,0.0,0.0,1
ACP_positive_178,6.0,0.0,0.0,0.0,1
ACP_positive_179,6.0,0.0,0.0,0.0,1
ACP_positive_180,9.0,0.0,0.0,0.0,1
ACP_positive_181,6.0,0.0,0.0,0.0,1
ACP_positive_182,4.0,0.0,0.0,0.0,1
ACP_positive_183,8.0,0.0,0.0,0.0,1
ACP_positive_184,8.0,1.0,0.0,0.0,1
ACP_positive_185,6.0,0.0,0.0,0.0,1
ACP_positive_186,13.0,0.0,1.0,0.0,1
ACP_positive_187,3.0,0.0,1.0,0.0,1
ACP_positive_188,11.0,1.0,2.0,0.0,1
ACP_positive_189,7.0,1.0,0.0,0.0,1
ACP_positive_190,5.0,0.0,0.0,0.0,1
ACP_positive_191,4.0,0.0,0.0,0.0,1
ACP_positive_192,4.0,0.0,0.0,0.0,1
ACP_positive_193,12.0,0.0,1.0,0.0,1
ACP_positive_194,7.0,0.0,0.0,0.0,1
ACP_positive_195,4.0,0.0,0.0,0.0,1
ACP_positive_196,2.0,0.0,0.0,0.0,1
ACP_positive_197,5.0,0.0,0.0,0.0,1
ACP_positive_198,10.0,0.0,0.0,0.0,1
ACP_positive_199,5.0,0.0,0.0,0.0,1
ACP_positive_200,11.0,0.0,0.0,0.0,1
ACP_positive_201,10.0,0.0,0.0,0.0,1
ACP_positive_202,4.0,0.0,0.0,0.0,1
ACP_positive_203,13.0,0.0,0.0,0.0,1
ACP_positive_204,4.0,0.0,0.0,0.0,1
ACP_positive_205,6.0,0.0,0.0,0.0,1
ACP_positive_206,6.0,0.0,0.0,0.0,1
ACP_positive_207,8.0,0.0,0.0,0.0,1
ACP_positive_208,6.0,0.0,0.0,0.0,1
ACP_positive_209,9.0,0.0,0.0,0.0,1
ACP_positive_210,5.0,0.0,0.0,0.0,1
ACP_positive_211,8.0,0.0,0.0,0.0,1
ACP_positive_212,7.0,1.0,0.0,0.0,1
ACP_positive_213,14.0,1.0,0.0,0.0,1
ACP_positive_214,5.0,0.0,0.0,0.0,1
ACP_positive_215,1.0,1.0,2.0,0.0,1
ACP_positive_216,10.0,0.0,0.0,0.0,1
ACP_positive_217,7.0,0.0,0.0,0.0,1
ACP_positive_218,5.0,0.0,0.0,0.0,1
ACP_positive_219,6.0,0.0,0.0,0.0,1
ACP_positive_220,3.0,0.0,1.0,0.0,1
ACP_positive_221,3.0,1.0,0.0,0.0,1
ACP_positive_222,6.0,0.0,3.0,0.0,1
ACP_positive_223,7.0,0.0,0.0,0.0,1
ACP_positive_224,5.0,0.0,2.0,0.0,1
ACP_positive_225,8.0,1.0,0.0,0.0,1
ACP_positive_226,13.0,0.0,0.0,0.0,1
ACP_positive_227,12.0,0.0,1.0,0.0,1
ACP_positive_228,5.0,1.0,0.0,0.0,1
ACP_positive_229,10.0,0.0,0.0,0.0,1
ACP_positive_230,3.0,0.0,1.0,0.0,1
ACP_positive_231,12.0,1.0,0.0,0.0,1
ACP_positive_232,5.0,0.0,0.0,0.0,1
ACP_positive_233,9.0,0.0,0.0,0.0,1
ACP_positive_234,4.0,1.0,0.0,0.0,1
ACP_positive_235,7.0,0.0,0.0,0.0,1
ACP_positive_236,4.0,0.0,0.0,0.0,1
ACP_positive_237,10.0,0.0,0.0,0.0,1
ACP_positive_238,6.0,0.0,0.0,0.0,1
ACP_positive_239,6.0,3.0,0.0,0.0,1
ACP_positive_240,2.0,0.0,0.0,0.0,1
ACP_positive_241,4.0,0.0,0.0,0.0,1
ACP_positive_242,8.0,0.0,0.0,0.0,1
ACP_positive_243,5.0,0.0,0.0,0.0,1
ACP_positive_244,4.0,0.0,0.0,0.0,1
ACP_positive_245,4.0,0.0,0.0,0.0,1
ACP_positive_246,7.0,1.0,0.0,0.0,1
ACP_positive_247,9.0,1.0,0.0,0.0,1
ACP_positive_248,7.0,0.0,0.0,0.0,1
ACP_positive_249,5.0,0.0,0.0,0.0,1
ACP_positive_250,5.0,0.0,1.0,0.0,1
ACP_positive_251,8.0,0.0,0.0,0.0,1
ACP_positive_252,8.0,0.0,0.0,0.0,1
ACP_positive_253,4.0,0.0,0.0,0.0,1
ACP_positive_254,9.0,0.0,0.0,0.0,1
ACP_positive_255,16.0,0.0,1.0,0.0,1
ACP_positive_256,10.0,0.0,0.0,0.0,1
ACP_positive_257,4.0,0.0,0.0,0.0,1
ACP_positive_258,2.0,0.0,0.0,0.0,1
ACP_positive_259,4.0,1.0,0.0,0.0,1
ACP_positive_260,4.0,0.0,0.0,0.0,1
ACP_positive_261,1.0,1.0,2.0,0.0,1
ACP_positive_262,14.0,0.0,0.0,0.0,1
ACP_positive_263,5.0,0.0,0.0,0.0,1
ACP_positive_264,9.0,1.0,0.0,0.0,1
ACP_positive_265,4.0,1.0,0.0,0.0,1
ACP_positive_266,9.0,0.0,0.0,0.0,1
ACP_positive_267,4.0,0.0,0.0,0.0,1
ACP_positive_268,10.0,0.0,0.0,0.0,1
ACP_positive_269,3.0,0.0,2.0,0.0,1
ACP_positive_270,6.0,0.0,0.0,0.0,1
ACP_positive_271,6.0,0.0,0.0,0.0,1
ACP_positive_272,4.0,0.0,0.0,0.0,1
ACP_positive_273,10.0,1.0,0.0,0.0,1
ACP_positive_274,6.0,1.0,0.0,0.0,1
ACP_positive_275,7.0,0.0,0.0,0.0,1
ACP_positive_276,4.0,0.0,0.0,0.0,1
ACP_positive_277,3.0,1.0,0.0,0.0,1
ACP_positive_278,5.0,2.0,0.0,0.0,1
ACP_positive_279,5.0,0.0,0.0,0.0,1
ACP_positive_280,9.0,1.0,0.0,0.0,1
ACP_positive_281,4.0,0.0,0.0,0.0,1
ACP_positive_282,3.0,0.0,0.0,0.0,1
ACP_positive_283,7.0,0.0,0.0,0.0,1
ACP_positive_284,5.0,0.0,0.0,0.0,1
ACP_positive_285,7.0,0.0,0.0,0.0,1
ACP_positive_286,8.0,0.0,0.0,0.0,1
ACP_positive_287,9.0,0.0,0.0,0.0,1
ACP_positive_288,4.0,0.0,0.0,0.0,1
ACP_positive_289,12.0,0.0,0.0,0.0,1
ACP_positive_290,9.0,0.0,1.0,0.0,1
ACP_positive_291,4.0,0.0,0.0,0.0,1
ACP_positive_292,8.0,1.0,0.0,0.0,1
ACP_positive_293,14.0,0.0,0.0,0.0,1
ACP_positive_294,10.0,0.0,1.0,0.0,1
ACP_positive_295,8.0,0.0,0.0,0.0,1
ACP_positive_296,9.0,0.0,0.0,0.0,1
ACP_positive_297,5.0,1.0,0.0,0.0,1
ACP_positive_298,11.0,0.0,2.0,0.0,1
ACP_positive_299,4.0,0.0,0.0,0.0,1
ACP_positive_300,4.0,0.0,0.0,0.0,1
ACP_positive_301,13.0,0.0,1.0,0.0,1
ACP_positive_302,4.0,0.0,0.0,0.0,1
ACP_positive_303,6.0,0.0,0.0,0.0,1
ACP_positive_304,4.0,0.0,0.0,0.0,1
ACP_positive_305,5.0,0.0,0.0,0.0,1
ACP_positive_306,7.0,0.0,0.0,0.0,1
ACP_positive_307,5.0,1.0,0.0,0.0,1
ACP_positive_308,6.0,0.0,0.0,0.0,1
ACP_positive_309,4.0,0.0,0.0,0.0,1
ACP_positive_310,8.0,0.0,0.0,0.0,1
ACP_positive_311,4.0,1.0,0.0,0.0,1
ACP_positive_312,12.0,1.0,0.0,0.0,1
ACP_positive_313,8.0,0.0,0.0,0.0,1
ACP_positive_314,6.0,0.0,0.0,0.0,1
ACP_positive_315,1.0,0.0,1.0,0.0,1
ACP_positive_316,4.0,0.0,0.0,0.0,1
ACP_positive_317,5.0,0.0,0.0,0.0,1
ACP_positive_318,4.0,0.0,0.0,0.0,1
ACP_positive_319,3.0,1.0,0.0,0.0,1
ACP_positive_320,11.0,0.0,0.0,0.0,1
ACP_positive_321,10.0,0.0,0.0,0.0,1
ACP_positive_322,3.0,0.0,0.0,0.0,1
ACP_positive_323,4.0,2.0,0.0,0.0,1
ACP_positive_324,8.0,0.0,0.0,0.0,1
ACP_positive_325,4.0,0.0,0.0,0.0,1
ACP_positive_326,11.0,0.0,0.0,0.0,1
ACP_positive_327,10.0,0.0,0.0,0.0,1
ACP_positive_328,4.0,0.0,0.0,0.0,1
ACP_positive_329,8.0,0.0,0.0,0.0,1
ACP_positive_330,6.0,1.0,0.0,0.0,1
ACP_positive_331,8.0,1.0,0.0,0.0,1
ACP_positive_332,11.0,0.0,0.0,0.0,1
ACP_positive_333,4.0,0.0,0.0,0.0,1
ACP_positive_334,10.0,0.0,0.0,0.0,1
ACP_positive_335,7.0,0.0,0.0,0.0,1
ACP_positive_336,3.0,1.0,0.0,0.0,1
ACP_positive_337,5.0,1.0,0.0,0.0,1
ACP_positive_338,5.0,0.0,0.0,0.0,1
ACP_positive_339,4.0,0.0,0.0,0.0,1
ACP_positive_340,5.0,1.0,0.0,0.0,1
ACP_positive_341,2.0,0.0,0.0,0.0,1
ACP_positive_342,4.0,0.0,0.0,0.0,1
ACP_positive_343,4.0,2.0,1.0,2.0,1
ACP_positive_344,4.0,0.0,0.0,0.0,1
ACP_positive_345,9.0,0.0,1.0,0.0,1
ACP_positive_346,5.0,1.0,0.0,0.0,1
ACP_positive_347,4.0,0.0,0.0,0.0,1
ACP_positive_348,16.0,0.0,0.0,0.0,1
ACP_positive_349,4.0,0.0,0.0,0.0,1
ACP_positive_350,8.0,0.0,0.0,0.0,1
ACP_positive_351,4.0,0.0,0.0,0.0,1
ACP_positive_352,5.0,0.0,0.0,0.0,1
ACP_positive_353,4.0,0.0,0.0,0.0,1
ACP_positive_354,15.0,0.0,0.0,0.0,1
ACP_positive_355,4.0,0.0,0.0,0.0,1
ACP_positive_356,6.0,1.0,0.0,0.0,1
ACP_positive_357,8.0,0.0,0.0,0.0,1
ACP_positive_358,6.0,0.0,1.0,0.0,1
ACP_positive_359,9.0,0.0,0.0,0.0,1
ACP_positive_360,6.0,0.0,0.0,0.0,1
ACP_positive_361,9.0,1.0,0.0,0.0,1
ACP_positive_362,9.0,1.0,0.0,0.0,1
ACP_positive_363,5.0,0.0,0.0,0.0,1
ACP_positive_364,2.0,0.0,0.0,0.0,1
ACP_positive_365,7.0,0.0,0.0,0.0,1
ACP_positive_366,5.0,0.0,0.0,0.0,1
ACP_positive_367,6.0,0.0,0.0,0.0,1
ACP_positive_368,10.0,2.0,0.0,0.0,1
ACP_positive_369,7.0,0.0,0.0,0.0,1
ACP_positive_370,4.0,0.0,0.0,0.0,1
ACP_positive_371,4.0,0.0,0.0,0.0,1
ACP_positive_372,4.0,0.0,0.0,0.0,1
ACP_positive_373,4.0,0.0,0.0,0.0,1
ACP_positive_374,6.0,0.0,0.0,0.0,1
ACP_positive_375,3.0,0.0,0.0,0.0,1
ACP_positive_376,6.0,0.0,0.0,0.0,1
ACP_positive_377,13.0,0.0,0.0,0.0,1
ACP_positive_378,9.0,1.0,0.0,0.0,1
ACP_positive_379,9.0,0.0,0.0,0.0,1
ACP_positive_380,1.0,1.0,0.0,0.0,1
ACP_positive_381,3.0,0.0,0.0,0.0,1
ACP_positive_382,6.0,0.0,0.0,0.0,1
ACP_positive_383,6.0,0.0,0.0,0.0,1
ACP_positive_384,8.0,1.0,0.0,0.0,1
ACP_positive_385,3.0,0.0,0.0,0.0,1
ACP_positive_386,12.0,0.0,0.0,0.0,1
ACP_positive_387,6.0,0.0,0.0,0.0,1
ACP_positive_388,5.0,0.0,0.0,0.0,1
ACP_positive_389,8.0,0.0,0.0,0.0,1
ACP_positive_390,4.0,0.0,0.0,0.0,1
ACP_positive_391,10.0,0.0,0.0,0.0,1
ACP_positive_392,11.0,0.0,0.0,0.0,1
ACP_positive_393,4.0,0.0,0.0,0.0,1
ACP_positive_394,4.0,0.0,0.0,0.0,1
ACP_positive_395,9.0,1.0,0.0,0.0,1
ACP_positive_396,5.0,0.0,0.0,0.0,1
ACP_positive_397,5.0,0.0,0.0,0.0,1
ACP_positive_398,6.0,0.0,0.0,0.0,1
ACP_positive_399,3.0,0.0,0.0,0.0,1
ACP_positive_400,6.0,0.0,0.0,0.0,1
ACP_positive_401,4.0,0.0,0.0,0.0,1
ACP_positive_402,10.0,0.0,0.0,0.0,1
ACP_positive_403,8.0,0.0,0.0,0.0,1
ACP_positive_404,9.0,0.0,0.0,0.0,1
ACP_positive_405,7.0,0.0,0.0,0.0,1
ACP_positive_406,5.0,0.0,0.0,0.0,1
ACP_positive_407,2.0,0.0,0.0,0.0,1
ACP_positive_408,5.0,0.0,0.0,0.0,1
ACP_positive_409,12.0,1.0,0.0,0.0,1
ACP_positive_410,8.0,0.0,0.0,0.0,1
ACP_positive_411,8.0,0.0,0.0,0.0,1
ACP_positive_412,9.0,0.0,0.0,0.0,1
ACP_positive_413,12.0,0.0,0.0,0.0,1
ACP_positive_414,3.0,1.0,0.0,0.0,1
ACP_positive_415,4.0,0.0,0.0,0.0,1
ACP_positive_416,10.0,0.0,0.0,0.0,1
ACP_positive_417,7.0,0.0,0.0,0.0,1
ACP_positive_418,4.0,0.0,0.0,0.0,1
ACP_positive_419,4.0,0.0,0.0,0.0,1
ACP_positive_420,2.0,0.0,0.0,0.0,1
ACP_positive_421,5.0,0.0,0.0,0.0,1
ACP_positive_422,8.0,0.0,0.0,0.0,1
ACP_positive_423,4.0,0.0,0.0,0.0,1
ACP_positive_424,5.0,1.0,0.0,0.0,1
ACP_positive_425,9.0,0.0,1.0,0.0,1
ACP_positive_426,4.0,0.0,0.0,0.0,1
ACP_positive_427,8.0,0.0,0.0,0.0,1
ACP_positive_428,4.0,0.0,0.0,0.0,1
ACP_positive_429,6.0,1.0,0.0,0.0,1
ACP_positive_430,4.0,0.0,0.0,0.0,1
ACP_positive_431,9.0,1.0,0.0,0.0,1
ACP_positive_432,8.0,0.0,0.0,0.0,1
ACP_positive_433,9.0,1.0,0.0,0.0,1
ACP_positive_434,6.0,0.0,2.0,0.0,1
ACP_positive_435,8.0,0.0,0.0,0.0,1
ACP_positive_436,12.0,1.0,0.0,0.0,1
ACP_positive_437,4.0,0.0,0.0,0.0,1
ACP_positive_438,3.0,1.0,0.0,0.0,1
ACP_positive_439,5.0,1.0,1.0,0.0,1
ACP_positive_440,10.0,0.0,0.0,0.0,1
ACP_positive_441,4.0,0.0,0.0,0.0,1
ACP_positive_442,3.0,0.0,0.0,0.0,1
ACP_positive_443,12.0,0.0,1.0,0.0,1
ACP_positive_444,3.0,0.0,0.0,0.0,1
ACP_positive_445,8.0,0.0,0.0,0.0,1
ACP_positive_446,5.0,0.0,0.0,0.0,1
ACP_positive_447,5.0,0.0,0.0,0.0,1
ACP_positive_448,2.0,0.0,2.0,0.0,1
ACP_positive_449,4.0,0.0,0.0,0.0,1
ACP_positive_450,4.0,0.0,0.0,0.0,1
ACP_positive_451,10.0,0.0,0.0,0.0,1
ACP_positive_452,3.0,0.0,0.0,0.0,1
ACP_positive_453,6.0,0.0,0.0,0.0,1
ACP_positive_454,4.0,0.0,0.0,0.0,1
ACP_positive_455,3.0,0.0,1.0,0.0,1
ACP_positive_456,4.0,1.0,2.0,0.0,1
ACP_positive_457,4.0,0.0,0.0,0.0,1
ACP_positive_458,6.0,1.0,0.0,0.0,1
ACP_positive_459,5.0,0.0,0.0,0.0,1
ACP_positive_460,3.0,0.0,0.0,1.0,1
ACP_positive_461,12.0,0.0,0.0,0.0,1
ACP_positive_462,8.0,0.0,0.0,0.0,1
ACP_positive_463,4.0,0.0,0.0,0.0,1
ACP_positive_464,7.0,0.0,0.0,0.0,1
ACP_positive_465,8.0,0.0,0.0,0.0,1
ACP_positive_466,5.0,0.0,0.0,0.0,1
ACP_positive_467,7.0,0.0,0.0,0.0,1
ACP_positive_468,13.0,1.0,0.0,0.0,1
ACP_positive_469,4.0,0.0,0.0,0.0,1
ACP_positive_470,13.0,0.0,0.0,0.0,1
ACP_positive_471,15.0,0.0,0.0,0.0,1
ACP_positive_472,7.0,0.0,0.0,0.0,1
ACP_positive_473,4.0,0.0,0.0,0.0,1
ACP_positive_474,6.0,2.0,0.0,0.0,1
ACP_positive_475,8.0,1.0,0.0,0.0,1
ACP_positive_476,7.0,0.0,0.0,0.0,1
ACP_positive_477,5.0,0.0,0.0,0.0,1
ACP_positive_478,14.0,0.0,0.0,0.0,1
ACP_positive_479,4.0,0.0,0.0,0.0,1
ACP_positive_480,3.0,0.0,1.0,0.0,1
ACP_positive_481,6.0,0.0,0.0,0.0,1
ACP_positive_482,7.0,0.0,0.0,0.0,1
ACP_positive_483,2.0,0.0,0.0,0.0,1
ACP_positive_484,3.0,0.0,0.0,0.0,1
ACP_positive_485,5.0,0.0,0.0,0.0,1
ACP_positive_486,4.0,0.0,0.0,0.0,1
ACP_positive_487,4.0,0.0,0.0,0.0,1
ACP_positive_488,11.0,0.0,0.0,0.0,1
ACP_positive_489,8.0,0.0,0.0,0.0,1
ACP_positive_490,9.0,0.0,0.0,0.0,1
ACP_positive_491,3.0,3.0,0.0,1.0,1
ACP_positive_492,3.0,0.0,0.0,0.0,1
ACP_positive_493,13.0,1.0,1.0,0.0,1
ACP_positive_494,15.0,0.0,0.0,0.0,1
ACP_positive_495,6.0,1.0,0.0,0.0,1
ACP_positive_496,7.0,0.0,0.0,0.0,1
ACP_positive_497,6.0,1.0,0.0,0.0,1
ACP_positive_498,8.0,0.0,0.0,0.0,1
ACP_positive_499,12.0,0.0,0.0,0.0,1
ACP_positive_500,12.0,0.0,0.0,0.0,1
ACP_positive_501,5.0,0.0,0.0,0.0,1
ACP_positive_502,4.0,1.0,0.0,0.0,1
ACP_positive_503,4.0,0.0,0.0,0.0,1
ACP_positive_504,3.0,1.0,0.0,0.0,1
ACP_positive_505,4.0,0.0,0.0,0.0,1
ACP_positive_506,11.0,0.0,0.0,0.0,1
ACP_positive_507,2.0,0.0,0.0,0.0,1
ACP_positive_508,5.0,0.0,0.0,0.0,1
ACP_positive_509,4.0,0.0,0.0,0.0,1
ACP_positive_510,3.0,0.0,1.0,0.0,1
ACP_positive_511,2.0,0.0,1.0,0.0,1
ACP_positive_512,5.0,1.0,0.0,0.0,1
ACP_positive_513,4.0,0.0,1.0,0.0,1
ACP_positive_514,10.0,0.0,0.0,0.0,1
ACP_positive_515,10.0,0.0,0.0,0.0,1
ACP_positive_516,16.0,0.0,1.0,0.0,1
ACP_positive_517,5.0,0.0,0.0,0.0,1
ACP_positive_518,5.0,0.0,0.0,0.0,1
ACP_positive_519,11.0,0.0,0.0,0.0,1
ACP_positive_520,5.0,0.0,0.0,0.0,1
ACP_positive_521,12.0,0.0,0.0,0.0,1
ACP_positive_522,15.0,1.0,0.0,0.0,1
ACP_positive_523,9.0,0.0,0.0,0.0,1
ACP_positive_524,5.0,0.0,0.0,0.0,1
ACP_positive_525,9.0,0.0,0.0,0.0,1
ACP_positive_526,4.0,0.0,0.0,0.0,1
ACP_positive_527,2.0,0.0,1.0,0.0,1
ACP_positive_528,11.0,0.0,0.0,0.0,1
ACP_positive_529,4.0,0.0,0.0,0.0,1
ACP_positive_530,8.0,0.0,0.0,0.0,1
ACP_positive_531,13.0,1.0,0.0,0.0,1
ACP_positive_532,4.0,0.0,0.0,0.0,1
ACP_positive_533,5.0,0.0,0.0,0.0,1
ACP_positive_534,4.0,0.0,0.0,0.0,1
ACP_positive_535,3.0,0.0,0.0,0.0,1
ACP_positive_536,4.0,0.0,0.0,0.0,1
ACP_positive_537,10.0,0.0,0.0,0.0,1
ACP_positive_538,5.0,1.0,0.0,0.0,1
ACP_positive_539,9.0,1.0,0.0,0.0,1
ACP_positive_540,8.0,0.0,0.0,0.0,1
ACP_positive_541,12.0,1.0,0.0,0.0,1
ACP_positive_542,6.0,0.0,0.0,0.0,1
ACP_positive_543,6.0,0.0,0.0,0.0,1
ACP_positive_544,10.0,0.0,0.0,0.0,1
ACP_positive_545,4.0,0.0,0.0,0.0,1
ACP_positive_546,5.0,0.0,0.0,0.0,1
ACP_positive_547,12.0,1.0,0.0,0.0,1
ACP_positive_548,6.0,1.0,0.0,0.0,1
ACP_positive_549,4.0,0.0,0.0,0.0,1
ACP_positive_550,7.0,0.0,0.0,0.0,1
ACP_positive_551,6.0,0.0,0.0,0.0,1
ACP_positive_552,3.0,1.0,0.0,0.0,1
ACP_positive_553,4.0,0.0,0.0,0.0,1
ACP_positive_554,12.0,0.0,0.0,0.0,1
ACP_positive_555,7.0,0.0,0.0,0.0,1
ACP_positive_556,9.0,0.0,0.0,0.0,1
ACP_positive_557,13.0,0.0,0.0,0.0,1
ACP_positive_558,9.0,0.0,0.0,0.0,1
ACP_positive_559,4.0,0.0,0.0,0.0,1
ACP_positive_560,8.0,0.0,0.0,0.0,1
ACP_positive_561,5.0,1.0,0.0,0.0,1
ACP_positive_562,4.0,0.0,0.0,0.0,1
ACP_positive_563,10.0,0.0,0.0,0.0,1
ACP_positive_564,2.0,0.0,0.0,0.0,1
ACP_positive_565,2.0,0.0,2.0,0.0,1
ACP_positive_566,3.0,0.0,0.0,0.0,1
ACP_positive_567,10.0,0.0,0.0,0.0,1
ACP_positive_568,9.0,1.0,1.0,0.0,1
ACP_positive_569,9.0,0.0,0.0,0.0,1
ACP_positive_570,16.0,0.0,0.0,0.0,1
ACP_positive_571,10.0,0.0,0.0,0.0,1
ACP_positive_572,6.0,1.0,0.0,0.0,1
ACP_positive_573,13.0,0.0,0.0,0.0,1
ACP_positive_574,3.0,0.0,0.0,0.0,1
ACP_positive_575,9.0,0.0,0.0,0.0,1
ACP_positive_576,5.0,1.0,0.0,0.0,1
ACP_positive_577,4.0,1.0,0.0,0.0,1
ACP_positive_578,15.0,0.0,0.0,0.0,1
ACP_positive_579,8.0,0.0,0.0,0.0,1
ACP_positive_580,4.0,0.0,1.0,0.0,1
ACP_positive_581,9.0,0.0,1.0,0.0,1
ACP_positive_582,2.0,0.0,2.0,0.0,1
ACP_positive_583,8.0,0.0,0.0,0.0,1
ACP_positive_584,8.0,0.0,0.0,0.0,1
ACP_positive_585,3.0,0.0,0.0,0.0,1
ACP_positive_586,11.0,1.0,0.0,0.0,1
ACP_positive_587,3.0,0.0,0.0,0.0,1
ACP_positive_588,6.0,0.0,0.0,0.0,1
ACP_positive_589,4.0,0.0,0.0,0.0,1
ACP_positive_590,3.0,0.0,0.0,0.0,1
ACP_positive_591,2.0,0.0,0.0,0.0,1
ACP_positive_592,4.0,1.0,0.0,0.0,1
ACP_positive_593,12.0,0.0,1.0,0.0,1
ACP_positive_594,2.0,0.0,0.0,0.0,1
ACP_positive_595,5.0,1.0,1.0,0.0,1
ACP_positive_596,8.0,0.0,0.0,0.0,1
ACP_positive_597,3.0,3.0,1.0,0.0,1
ACP_positive_598,5.0,0.0,0.0,0.0,1
ACP_positive_599,2.0,0.0,1.0,0.0,1
ACP_positive_600,7.0,0.0,0.0,0.0,1
ACP_positive_601,4.0,0.0,0.0,0.0,1
ACP_positive_602,12.0,0.0,0.0,0.0,1
ACP_positive_603,2.0,0.0,2.0,0.0,1
ACP_positive_604,12.0,3.0,0.0,0.0,1
ACP_positive_605,1.0,0.0,0.0,0.0,1
ACP_positive_606,8.0,1.0,0.0,0.0,1
ACP_positive_607,14.0,1.0,0.0,0.0,1
ACP_positive_608,8.0,0.0,0.0,0.0,1
ACP_positive_609,5.0,0.0,0.0,0.0,1
ACP_positive_610,13.0,0.0,0.0,0.0,1
ACP_positive_611,5.0,1.0,0.0,0.0,1
ACP_positive_612,8.0,0.0,0.0,0.0,1
ACP_positive_613,5.0,0.0,0.0,0.0,1
ACP_positive_614,9.0,0.0,0.0,0.0,1
ACP_positive_615,7.0,0.0,0.0,0.0,1
ACP_positive_616,3.0,0.0,0.0,0.0,1
ACP_positive_617,6.0,0.0,0.0,0.0,1
ACP_positive_618,8.0,0.0,0.0,0.0,1
ACP_positive_619,5.0,0.0,0.0,0.0,1
ACP_positive_620,6.0,0.0,0.0,0.0,1
ACP_positive_621,4.0,0.0,0.0,0.0,1
ACP_positive_622,9.0,0.0,0.0,0.0,1
ACP_positive_623,4.0,0.0,0.0,0.0,1
ACP_positive_624,7.0,0.0,0.0,0.0,1
ACP_positive_625,4.0,0.0,0.0,0.0,1
ACP_positive_626,6.0,0.0,0.0,0.0,1
ACP_positive_627,4.0,0.0,0.0,0.0,1
ACP_positive_628,4.0,0.0,1.0,0.0,1
ACP_positive_629,8.0,0.0,0.0,0.0,1
ACP_positive_630,10.0,0.0,0.0,0.0,1
ACP_positive_631,9.0,1.0,0.0,0.0,1
ACP_positive_632,6.0,0.0,0.0,0.0,1
ACP_positive_633,8.0,0.0,0.0,0.0,1
ACP_positive_634,4.0,0.0,0.0,0.0,1
ACP_positive_635,8.0,0.0,0.0,0.0,1
ACP_positive_636,4.0,0.0,0.0,0.0,1
ACP_positive_637,3.0,0.0,0.0,0.0,1
ACP_positive_638,4.0,0.0,0.0,0.0,1
ACP_positive_639,9.0,1.0,0.0,0.0,1
ACP_positive_640,11.0,0.0,4.0,0.0,1
ACP_positive_641,5.0,0.0,0.0,0.0,1
ACP_positive_642,8.0,0.0,0.0,0.0,1
ACP_positive_643,10.0,0.0,0.0,0.0,1
ACP_positive_644,4.0,0.0,0.0,0.0,1
ACP_positive_645,13.0,0.0,0.0,0.0,1
ACP_positive_646,15.0,0.0,0.0,0.0,1
ACP_positive_647,2.0,1.0,0.0,0.0,1
ACP_positive_648,5.0,0.0,0.0,0.0,1
ACP_positive_649,12.0,0.0,0.0,0.0,1
ACP_positive_650,8.0,0.0,0.0,0.0,1
ACP_positive_651,9.0,0.0,0.0,0.0,1
ACP_positive_652,6.0,0.0,0.0,0.0,1
ACP_positive_653,8.0,1.0,0.0,0.0,1
ACP_positive_654,7.0,0.0,0.0,0.0,1
ACP_positive_655,14.0,1.0,0.0,0.0,1
ACP_positive_656,4.0,0.0,0.0,0.0,1
ACP_positive_657,3.0,0.0,0.0,0.0,1
ACP_positive_658,9.0,0.0,0.0,0.0,1
ACP_positive_659,4.0,0.0,0.0,0.0,1
ACP_positive_660,6.0,0.0,0.0,0.0,1
ACP_positive_661,11.0,0.0,0.0,0.0,1
ACP_positive_662,4.0,0.0,0.0,0.0,1
ACP_positive_663,1.0,0.0,0.0,0.0,1
ACP_positive_664,5.0,0.0,0.0,0.0,1
ACP_positive_665,4.0,0.0,1.0,0.0,1
ACP_positive_666,5.0,1.0,0.0,0.0,1
ACP_positive_667,5.0,1.0,0.0,0.0,1
ACP_positive_668,9.0,0.0,0.0,0.0,1
ACP_positive_669,5.0,1.0,0.0,0.0,1
ACP_positive_670,15.0,0.0,0.0,0.0,1
ACP_positive_671,6.0,0.0,0.0,0.0,1
ACP_positive_672,12.0,0.0,0.0,0.0,1
ACP_positive_673,7.0,0.0,0.0,0.0,1
ACP_positive_674,3.0,0.0,0.0,0.0,1
ACP_positive_675,4.0,0.0,0.0,0.0,1
ACP_positive_676,9.0,1.0,0.0,0.0,1
ACP_positive_677,5.0,0.0,0.0,0.0,1
ACP_positive_678,3.0,1.0,0.0,0.0,1
ACP_positive_679,6.0,0.0,0.0,0.0,1
ACP_positive_680,3.0,0.0,0.0,0.0,1
ACP_positive_681,7.0,1.0,1.0,0.0,1
ACP_positive_682,13.0,1.0,0.0,0.0,1
ACP_positive_683,8.0,0.0,0.0,0.0,1
ACP_positive_684,10.0,1.0,1.0,0.0,1
ACP_positive_685,5.0,1.0,0.0,0.0,1
ACP_positive_686,5.0,0.0,0.0,0.0,1
ACP_positive_687,14.0,1.0,0.0,0.0,1
ACP_positive_688,7.0,0.0,0.0,0.0,1
ACP_negative_1,3.0,0.0,1.0,0.0,0
ACP_negative_2,11.0,0.0,0.0,0.0,0
ACP_negative_3,11.0,0.0,0.0,0.0,0
ACP_negative_4,3.0,0.0,0.0,0.0,0
ACP_negative_5,11.0,0.0,0.0,0.0,0
ACP_negative_6,12.0,0.0,0.0,0.0,0
ACP_negative_7,13.0,0.0,0.0,0.0,0
ACP_negative_8,8.0,0.0,0.0,0.0,0
ACP_negative_9,7.0,0.0,1.0,0.0,0
ACP_negative_10,11.0,1.0,0.0,0.0,0
ACP_negative_11,15.0,0.0,0.0,0.0,0
ACP_negative_12,6.0,1.0,0.0,0.0,0
ACP_negative_13,5.0,0.0,1.0,0.0,0
ACP_negative_14,6.0,0.0,0.0,0.0,0
ACP_negative_15,2.0,0.0,0.0,0.0,0
ACP_negative_16,11.0,0.0,0.0,0.0,0
ACP_negative_17,4.0,0.0,0.0,0.0,0
ACP_negative_18,8.0,0.0,0.0,0.0,0
ACP_negative_19,11.0,1.0,0.0,0.0,0
ACP_negative_20,11.0,0.0,1.0,0.0,0
ACP_negative_21,15.0,0.0,0.0,0.0,0
ACP_negative_22,7.0,0.0,0.0,0.0,0
ACP_negative_23,12.0,0.0,0.0,0.0,0
ACP_negative_24,11.0,0.0,0.0,0.0,0
ACP_negative_25,12.0,0.0,0.0,0.0,0
ACP_negative_26,7.0,0.0,0.0,0.0,0
ACP_negative_27,3.0,0.0,1.0,0.0,0
ACP_negative_28,11.0,0.0,0.0,0.0,0
ACP_negative_29,6.0,0.0,1.0,0.0,0
ACP_negative_30,13.0,1.0,0.0,0.0,0
ACP_negative_31,13.0,0.0,1.0,0.0,0
ACP_negative_32,8.0,0.0,0.0,0.0,0
ACP_negative_33,5.0,0.0,0.0,0.0,0
ACP_negative_34,15.0,0.0,0.0,0.0,0
ACP_negative_35,7.0,0.0,0.0,0.0,0
ACP_negative_36,4.0,0.0,0.0,0.0,0
ACP_negative_37,9.0,0.0,0.0,0.0,0
ACP_negative_38,8.0,0.0,0.0,0.0,0
ACP_negative_39,5.0,0.0,0.0,0.0,0
ACP_negative_40,16.0,0.0,0.0,0.0,0
ACP_negative_41,5.0,0.0,0.0,0.0,0
ACP_negative_42,3.0,0.0,0.0,0.0,0
ACP_negative_43,10.0,0.0,0.0,0.0,0
ACP_negative_44,5.0,0.0,0.0,0.0,0
ACP_negative_45,7.0,0.0,0.0,0.0,0
ACP_negative_46,10.0,0.0,0.0,0.0,0
ACP_negative_47,16.0,0.0,0.0,0.0,0
ACP_negative_48,12.0,0.0,0.0,0.0,0
ACP_negative_49,7.0,0.0,0.0,0.0,0
ACP_negative_50,6.0,0.0,0.0,0.0,0
ACP_negative_51,4.0,0.0,0.0,0.0,0
ACP_negative_52,10.0,1.0,0.0,0.0,0
ACP_negative_53,4.0,1.0,0.0,0.0,0
ACP_negative_54,7.0,0.0,0.0,0.0,0
ACP_negative_55,8.0,0.0,1.0,0.0,0
ACP_negative_56,4.0,0.0,0.0,0.0,0
ACP_negative_57,7.0,0.0,0.0,0.0,0
ACP_negative_58,9.0,1.0,1.0,0.0,0
ACP_negative_59,5.0,0.0,0.0,0.0,0
ACP_negative_60,7.0,0.0,0.0,0.0,0
ACP_negative_61,8.0,0.0,0.0,0.0,0
ACP_negative_62,5.0,0.0,0.0,0.0,0
ACP_negative_63,0.0,1.0,1.0,0.0,0
ACP_negative_64,15.0,1.0,0.0,0.0,0
ACP_negative_65,11.0,0.0,0.0,0.0,0
ACP_negative_66,5.0,0.0,0.0,0.0,0
ACP_negative_67,8.0,0.0,0.0,0.0,0
ACP_negative_68,10.0,0.0,0.0,0.0,0
ACP_negative_69,4.0,0.0,0.0,0.0,0
ACP_negative_70,4.0,1.0,0.0,0.0,0
ACP_negative_71,4.0,0.0,0.0,0.0,0
ACP_negative_72,9.0,0.0,0.0,0.0,0
ACP_negative_73,5.0,0.0,0.0,0.0,0
ACP_negative_74,5.0,0.0,0.0,0.0,0
ACP_negative_75,13.0,1.0,0.0,0.0,0
ACP_negative_76,6.0,1.0,0.0,0.0,0
ACP_negative_77,10.0,0.0,0.0,0.0,0
ACP_negative_78,12.0,0.0,0.0,0.0,0
ACP_negative_79,7.0,0.0,0.0,0.0,0
ACP_negative_80,15.0,0.0,0.0,0.0,0
ACP_negative_81,15.0,0.0,0.0,0.0,0
ACP_negative_82,8.0,0.0,0.0,0.0,0
ACP_negative_83,14.0,0.0,0.0,0.0,0
ACP_negative_84,11.0,0.0,0.0,0.0,0
ACP_negative_85,7.0,0.0,1.0,0.0,0
ACP_negative_86,7.0,0.0,0.0,0.0,0
ACP_negative_87,7.0,0.0,0.0,0.0,0
ACP_negative_88,5.0,1.0,0.0,0.0,0
ACP_negative_89,5.0,0.0,0.0,0.0,0
ACP_negative_90,4.0,0.0,1.0,0.0,0
ACP_negative_91,7.0,0.0,1.0,0.0,0
ACP_negative_92,10.0,0.0,0.0,0.0,0
ACP_negative_93,6.0,0.0,0.0,0.0,0
ACP_negative_94,9.0,0.0,0.0,0.0,0
ACP_negative_95,11.0,0.0,0.0,0.0,0
ACP_negative_96,8.0,0.0,1.0,0.0,0
ACP_negative_97,9.0,0.0,0.0,0.0,0
ACP_negative_98,2.0,1.0,0.0,0.0,0
ACP_negative_99,11.0,0.0,0.0,0.0,0
ACP_negative_100,10.0,0.0,1.0,0.0,0
ACP_negative_101,12.0,1.0,0.0,0.0,0
ACP_negative_102,8.0,0.0,0.0,0.0,0
ACP_negative_103,6.0,0.0,0.0,0.0,0
ACP_negative_104,2.0,1.0,0.0,0.0,0
ACP_negative_105,4.0,0.0,0.0,0.0,0
ACP_negative_106,15.0,0.0,0.0,0.0,0
ACP_negative_107,8.0,0.0,0.0,0.0,0
ACP_negative_108,16.0,0.0,0.0,0.0,0
ACP_negative_109,4.0,0.0,0.0,0.0,0
ACP_negative_110,8.0,0.0,0.0,0.0,0
ACP_negative_111,14.0,0.0,0.0,0.0,0
ACP_negative_112,12.0,0.0,0.0,0.0,0
ACP_negative_113,7.0,0.0,0.0,0.0,0
ACP_negative_114,5.0,0.0,0.0,0.0,0
ACP_negative_115,15.0,0.0,1.0,0.0,0
ACP_negative_116,11.0,0.0,0.0,0.0,0
ACP_negative_117,9.0,1.0,0.0,0.0,0
ACP_negative_118,12.0,2.0,0.0,0.0,0
ACP_negative_119,12.0,0.0,0.0,0.0,0
ACP_negative_120,4.0,0.0,0.0,0.0,0
ACP_negative_121,8.0,0.0,0.0,0.0,0
ACP_negative_122,11.0,0.0,0.0,0.0,0
ACP_negative_123,10.0,0.0,0.0,0.0,0
ACP_negative_124,6.0,0.0,0.0,0.0,0
ACP_negative_125,5.0,0.0,0.0,0.0,0
ACP_negative_126,11.0,1.0,0.0,0.0,0
ACP_negative_127,7.0,0.0,0.0,0.0,0
ACP_negative_128,14.0,0.0,0.0,0.0,0
ACP_negative_129,5.0,0.0,0.0,0.0,0
ACP_negative_130,8.0,1.0,0.0,0.0,0
ACP_negative_131,2.0,0.0,1.0,0.0,0
ACP_negative_132,6.0,0.0,0.0,0.0,0
ACP_negative_133,7.0,0.0,0.0,0.0,0
ACP_negative_134,13.0,0.0,0.0,0.0,0
ACP_negative_135,13.0,1.0,0.0,0.0,0
ACP_negative_136,4.0,1.0,0.0,0.0,0
ACP_negative_137,10.0,0.0,0.0,0.0,0
ACP_negative_138,6.0,0.0,0.0,0.0,0
ACP_negative_139,9.0,3.0,0.0,0.0,0
ACP_negative_140,8.0,0.0,0.0,0.0,0
ACP_negative_141,10.0,0.0,0.0,0.0,0
ACP_negative_142,10.0,0.0,0.0,0.0,0
ACP_negative_143,12.0,0.0,1.0,0.0,0
ACP_negative_144,4.0,0.0,0.0,0.0,0
ACP_negative_145,14.0,0.0,0.0,0.0,0
ACP_negative_146,4.0,0.0,0.0,0.0,0
ACP_negative_147,7.0,0.0,0.0,0.0,0
ACP_negative_148,9.0,0.0,0.0,0.0,0
ACP_negative_149,12.0,0.0,1.0,0.0,0
ACP_negative_150,7.0,0.0,0.0,0.0,0
ACP_negative_151,15.0,1.0,0.0,0.0,0
ACP_negative_152,12.0,0.0,2.0,0.0,0
ACP_negative_153,2.0,0.0,1.0,0.0,0
ACP_negative_154,0.0,2.0,1.0,0.0,0
ACP_negative_155,7.0,0.0,0.0,0.0,0
ACP_negative_156,10.0,0.0,0.0,0.0,0
ACP_negative_157,13.0,1.0,0.0,0.0,0
ACP_negative_158,14.0,0.0,0.0,0.0,0
ACP_negative_159,9.0,0.0,0.0,0.0,0
ACP_negative_160,2.0,0.0,1.0,0.0,0
ACP_negative_161,11.0,0.0,0.0,0.0,0
ACP_negative_162,13.0,0.0,0.0,0.0,0
ACP_negative_163,15.0,0.0,0.0,0.0,0
ACP_negative_164,10.0,0.0,0.0,0.0,0
ACP_negative_165,3.0,0.0,0.0,0.0,0
ACP_negative_166,8.0,0.0,0.0,0.0,0
ACP_negative_167,10.0,0.0,0.0,0.0,0
ACP_negative_168,1.0,1.0,0.0,0.0,0
ACP_negative_169,3.0,0.0,0.0,0.0,0
ACP_negative_170,10.0,1.0,1.0,0.0,0
ACP_negative_171,11.0,0.0,0.0,0.0,0
ACP_negative_172,8.0,0.0,0.0,0.0,0
ACP_negative_173,11.0,0.0,0.0,0.0,0
ACP_negative_174,13.0,1.0,0.0,0.0,0
ACP_negative_175,10.0,0.0,0.0,0.0,0
ACP_negative_176,8.0,0.0,0.0,0.0,0
ACP_negative_177,10.0,0.0,0.0,0.0,0
ACP_negative_178,4.0,0.0,0.0,0.0,0
ACP_negative_179,15.0,0.0,0.0,0.0,0
ACP_negative_180,14.0,0.0,0.0,0.0,0
ACP_negative_181,4.0,1.0,1.0,0.0,0
ACP_negative_182,14.0,0.0,0.0,0.0,0
ACP_negative_183,5.0,0.0,0.0,0.0,0
ACP_negative_184,7.0,0.0,0.0,0.0,0
ACP_negative_185,9.0,0.0,0.0,0.0,0
ACP_negative_186,12.0,0.0,0.0,0.0,0
ACP_negative_187,9.0,0.0,0.0,0.0,0
ACP_negative_188,3.0,1.0,0.0,0.0,0
ACP_negative_189,7.0,0.0,0.0,0.0,0
ACP_negative_190,14.0,1.0,0.0,0.0,0
ACP_negative_191,11.0,0.0,0.0,0.0,0
ACP_negative_192,15.0,0.0,0.0,0.0,0
ACP_negative_193,2.0,0.0,0.0,0.0,0
ACP_negative_194,10.0,0.0,0.0,0.0,0
ACP_negative_195,7.0,0.0,1.0,0.0,0
ACP_negative_196,12.0,0.0,0.0,0.0,0
ACP_negative_197,8.0,0.0,0.0,0.0,0
ACP_negative_198,8.0,0.0,0.0,0.0,0
ACP_negative_199,15.0,0.0,1.0,0.0,0
ACP_negative_200,5.0,0.0,0.0,0.0,0
ACP_negative_201,12.0,0.0,0.0,0.0,0
ACP_negative_202,5.0,0.0,0.0,0.0,0
ACP_negative_203,16.0,0.0,0.0,0.0,0
ACP_negative_204,2.0,1.0,0.0,0.0,0
ACP_negative_205,4.0,0.0,0.0,0.0,0
ACP_negative_206,7.0,0.0,0.0,0.0,0
ACP_negative_207,12.0,0.0,0.0,0.0,0
ACP_negative_208,8.0,0.0,0.0,0.0,0
ACP_negative_209,16.0,1.0,0.0,0.0,0
ACP_negative_210,7.0,0.0,0.0,0.0,0
ACP_negative_211,10.0,0.0,0.0,0.0,0
ACP_negative_212,7.0,1.0,0.0,0.0,0
ACP_negative_213,12.0,0.0,0.0,0.0,0
ACP_negative_214,16.0,0.0,0.0,0.0,0
ACP_negative_215,10.0,0.0,0.0,0.0,0
ACP_negative_216,3.0,0.0,0.0,0.0,0
ACP_negative_217,7.0,1.0,0.0,0.0,0
ACP_negative_218,13.0,1.0,0.0,0.0,0
ACP_negative_219,12.0,0.0,0.0,0.0,0
ACP_negative_220,4.0,1.0,0.0,0.0,0
ACP_negative_221,5.0,0.0,0.0,0.0,0
ACP_negative_222,12.0,0.0,0.0,0.0,0
ACP_negative_223,12.0,0.0,0.0,0.0,0
ACP_negative_224,7.0,0.0,0.0,0.0,0
ACP_negative_225,10.0,1.0,0.0,0.0,0
ACP_negative_226,11.0,0.0,0.0,0.0,0
ACP_negative_227,6.0,0.0,0.0,0.0,0
ACP_negative_228,10.0,1.0,0.0,0.0,0
ACP_negative_229,6.0,0.0,0.0,0.0,0
ACP_negative_230,7.0,0.0,0.0,0.0,0
ACP_negative_231,4.0,1.0,0.0,0.0,0
ACP_negative_232,7.0,0.0,0.0,0.0,0
ACP_negative_233,6.0,0.0,0.0,0.0,0
ACP_negative_234,9.0,0.0,0.0,0.0,0
ACP_negative_235,9.0,1.0,0.0,0.0,0
ACP_negative_236,9.0,0.0,0.0,0.0,0
ACP_negative_237,8.0,0.0,0.0,0.0,0
ACP_negative_238,10.0,1.0,0.0,0.0,0
ACP_negative_239,7.0,0.0,1.0,0.0,0
ACP_negative_240,11.0,0.0,0.0,0.0,0
ACP_negative_241,11.0,0.0,0.0,0.0,0
ACP_negative_242,12.0,0.0,0.0,0.0,0
ACP_negative_243,15.0,1.0,0.0,0.0,0
ACP_negative_244,12.0,0.0,0.0,0.0,0
ACP_negative_245,9.0,0.0,0.0,0.0,0
ACP_negative_246,8.0,0.0,0.0,0.0,0
ACP_negative_247,10.0,0.0,0.0,0.0,0
ACP_negative_248,8.0,0.0,0.0,0.0,0
ACP_negative_249,12.0,0.0,0.0,0.0,0
ACP_negative_250,2.0,0.0,1.0,0.0,0
ACP_negative_251,6.0,0.0,0.0,0.0,0
ACP_negative_252,7.0,0.0,0.0,0.0,0
ACP_negative_253,14.0,0.0,0.0,0.0,0
ACP_negative_254,11.0,0.0,0.0,0.0,0
ACP_negative_255,10.0,0.0,0.0,0.0,0
ACP_negative_256,10.0,0.0,0.0,0.0,0
ACP_negative_257,10.0,0.0,0.0,0.0,0
ACP_negative_258,8.0,0.0,0.0,0.0,0
ACP_negative_259,8.0,1.0,0.0,0.0,0
ACP_negative_260,6.0,0.0,0.0,0.0,0
ACP_negative_261,8.0,0.0,0.0,0.0,0
ACP_negative_262,2.0,0.0,0.0,0.0,0
ACP_negative_263,14.0,1.0,0.0,0.0,0
ACP_negative_264,14.0,0.0,0.0,0.0,0
ACP_negative_265,8.0,1.0,0.0,0.0,0
ACP_negative_266,6.0,0.0,0.0,0.0,0
ACP_negative_267,7.0,1.0,0.0,0.0,0
ACP_negative_268,12.0,0.0,0.0,0.0,0
ACP_negative_269,12.0,0.0,0.0,0.0,0
ACP_negative_270,13.0,0.0,0.0,0.0,0
ACP_negative_271,6.0,0.0,0.0,0.0,0
ACP_negative_272,11.0,0.0,0.0,0.0,0
ACP_negative_273,7.0,0.0,0.0,0.0,0
ACP_negative_274,10.0,0.0,0.0,0.0,0
ACP_negative_275,9.0,0.0,0.0,0.0,0
ACP_negative_276,11.0,0.0,0.0,0.0,0
ACP_negative_277,5.0,0.0,0.0,0.0,0
ACP_negative_278,16.0,0.0,1.0,0.0,0
ACP_negative_279,10.0,0.0,0.0,0.0,0
ACP_negative_280,5.0,0.0,0.0,0.0,0
ACP_negative_281,6.0,0.0,0.0,0.0,0
ACP_negative_282,15.0,0.0,0.0,0.0,0
ACP_negative_283,16.0,0.0,0.0,0.0,0
ACP_negative_284,11.0,0.0,0.0,0.0,0
ACP_negative_285,11.0,0.0,0.0,0.0,0
ACP_negative_286,13.0,0.0,0.0,0.0,0
ACP_negative_287,8.0,0.0,0.0,0.0,0
ACP_negative_288,3.0,1.0,1.0,0.0,0
ACP_negative_289,7.0,0.0,0.0,0.0,0
ACP_negative_290,14.0,1.0,0.0,0.0,0
ACP_negative_291,14.0,1.0,1.0,0.0,0
ACP_negative_292,7.0,0.0,0.0,0.0,0
ACP_negative_293,12.0,0.0,0.0,0.0,0
ACP_negative_294,12.0,0.0,1.0,0.0,0
ACP_negative_295,4.0,0.0,0.0,0.0,0
ACP_negative_296,11.0,1.0,0.0,0.0,0
ACP_negative_297,10.0,0.0,1.0,0.0,0
ACP_negative_298,8.0,0.0,0.0,0.0,0
ACP_negative_299,1.0,0.0,2.0,0.0,0
ACP_negative_300,8.0,0.0,0.0,0.0,0
ACP_negative_301,4.0,0.0,1.0,0.0,0
ACP_negative_302,5.0,1.0,0.0,0.0,0
ACP_negative_303,5.0,0.0,0.0,0.0,0
ACP_negative_304,12.0,0.0,0.0,0.0,0
ACP_negative_305,8.0,0.0,0.0,0.0,0
ACP_negative_306,12.0,0.0,0.0,0.0,0
ACP_negative_307,6.0,0.0,1.0,0.0,0
ACP_negative_308,3.0,0.0,0.0,0.0,0
ACP_negative_309,5.0,0.0,0.0,0.0,0
ACP_negative_310,7.0,1.0,0.0,0.0,0
ACP_negative_311,6.0,1.0,0.0,0.0,0
ACP_negative_312,8.0,0.0,0.0,0.0,0
ACP_negative_313,11.0,0.0,0.0,0.0,0
ACP_negative_314,13.0,0.0,0.0,0.0,0
ACP_negative_315,9.0,0.0,0.0,0.0,0
ACP_negative_316,5.0,0.0,0.0,0.0,0
ACP_negative_317,8.0,0.0,0.0,0.0,0
ACP_negative_318,8.0,0.0,0.0,0.0,0
ACP_negative_319,13.0,1.0,0.0,0.0,0
ACP_negative_320,9.0,0.0,0.0,0.0,0
ACP_negative_321,4.0,0.0,0.0,0.0,0
ACP_negative_322,7.0,0.0,0.0,0.0,0
ACP_negative_323,12.0,0.0,0.0,0.0,0
ACP_negative_324,8.0,0.0,0.0,0.0,0
ACP_negative_325,17.0,0.0,0.0,0.0,0
ACP_negative_326,3.0,0.0,0.0,0.0,0
ACP_negative_327,11.0,0.0,0.0,0.0,0
ACP_negative_328,8.0,0.0,0.0,0.0,0
ACP_negative_329,16.0,1.0,0.0,0.0,0
ACP_negative_330,9.0,0.0,0.0,0.0,0
ACP_negative_331,12.0,1.0,0.0,0.0,0
ACP_negative_332,8.0,0.0,0.0,0.0,0
ACP_negative_333,16.0,0.0,0.0,0.0,0
ACP_negative_334,6.0,0.0,0.0,0.0,0
ACP_negative_335,3.0,0.0,1.0,0.0,0
ACP_negative_336,4.0,0.0,0.0,0.0,0
ACP_negative_337,8.0,0.0,0.0,0.0,0
ACP_negative_338,10.0,1.0,1.0,0.0,0
ACP_negative_339,13.0,0.0,1.0,0.0,0
ACP_negative_340,4.0,0.0,0.0,0.0,0
ACP_negative_341,8.0,0.0,0.0,0.0,0
ACP_negative_342,17.0,0.0,0.0,0.0,0
ACP_negative_343,12.0,0.0,0.0,0.0,0
ACP_negative_344,8.0,0.0,0.0,0.0,0
ACP_negative_345,7.0,0.0,0.0,0.0,0
ACP_negative_346,6.0,1.0,0.0,0.0,0
ACP_negative_347,11.0,0.0,0.0,0.0,0
ACP_negative_348,11.0,0.0,0.0,0.0,0
ACP_negative_349,11.0,0.0,1.0,0.0,0
ACP_negative_350,13.0,0.0,0.0,0.0,0
ACP_negative_351,3.0,0.0,0.0,0.0,0
ACP_negative_352,8.0,0.0,0.0,0.0,0
ACP_negative_353,4.0,0.0,0.0,0.0,0
ACP_negative_354,15.0,0.0,0.0,0.0,0
ACP_negative_355,4.0,1.0,0.0,0.0,0
ACP_negative_356,15.0,0.0,0.0,0.0,0
ACP_negative_357,7.0,0.0,0.0,0.0,0
ACP_negative_358,16.0,0.0,0.0,0.0,0
ACP_negative_359,2.0,1.0,0.0,0.0,0
ACP_negative_360,8.0,0.0,0.0,0.0,0
ACP_negative_361,8.0,0.0,0.0,0.0,0
ACP_negative_362,2.0,1.0,0.0,0.0,0
ACP_negative_363,10.0,0.0,0.0,0.0,0
ACP_negative_364,11.0,1.0,0.0,0.0,0
ACP_negative_365,7.0,0.0,0.0,0.0,0
ACP_negative_366,11.0,0.0,0.0,0.0,0
ACP_negative_367,12.0,0.0,0.0,0.0,0
ACP_negative_368,14.0,0.0,0.0,0.0,0
ACP_negative_369,10.0,0.0,0.0,0.0,0
ACP_negative_370,8.0,0.0,0.0,0.0,0
ACP_negative_371,6.0,0.0,0.0,0.0,0
ACP_negative_372,13.0,0.0,0.0,0.0,0
ACP_negative_373,4.0,0.0,0.0,0.0,0
ACP_negative_374,11.0,0.0,0.0,0.0,0
ACP_negative_375,2.0,0.0,0.0,0.0,0
ACP_negative_376,7.0,0.0,0.0,0.0,0
ACP_negative_377,14.0,0.0,0.0,0.0,0
ACP_negative_378,8.0,0.0,0.0,0.0,0
ACP_negative_379,12.0,0.0,0.0,0.0,0
ACP_negative_380,11.0,0.0,0.0,0.0,0
ACP_negative_381,16.0,0.0,0.0,0.0,0
ACP_negative_382,14.0,1.0,0.0,0.0,0
ACP_negative_383,16.0,1.0,0.0,0.0,0
ACP_negative_384,10.0,0.0,0.0,0.0,0
ACP_negative_385,6.0,0.0,0.0,0.0,0
ACP_negative_386,6.0,0.0,0.0,0.0,0
ACP_negative_387,7.0,0.0,0.0,0.0,0
ACP_negative_388,11.0,0.0,0.0,0.0,0
ACP_negative_389,14.0,0.0,0.0,0.0,0
ACP_negative_390,2.0,1.0,0.0,0.0,0
ACP_negative_391,3.0,0.0,0.0,0.0,0
ACP_negative_392,11.0,0.0,1.0,0.0,0
ACP_negative_393,8.0,0.0,0.0,0.0,0
ACP_negative_394,6.0,1.0,0.0,0.0,0
ACP_negative_395,5.0,0.0,0.0,0.0,0
ACP_negative_396,5.0,0.0,0.0,0.0,0
ACP_negative_397,12.0,0.0,0.0,0.0,0
ACP_negative_398,5.0,0.0,0.0,0.0,0
ACP_negative_399,13.0,0.0,0.0,0.0,0
ACP_negative_400,10.0,0.0,0.0,0.0,0
ACP_negative_401,4.0,0.0,1.0,0.0,0
ACP_negative_402,16.0,0.0,0.0,0.0,0
ACP_negative_403,3.0,1.0,0.0,0.0,0
ACP_negative_404,7.0,0.0,0.0,0.0,0
ACP_negative_405,6.0,0.0,0.0,0.0,0
ACP_negative_406,15.0,0.0,0.0,0.0,0
ACP_negative_407,6.0,0.0,0.0,0.0,0
ACP_negative_408,16.0,0.0,0.0,0.0,0
ACP_negative_409,14.0,1.0,0.0,0.0,0
ACP_negative_410,6.0,0.0,1.0,0.0,0
ACP_negative_411,6.0,0.0,0.0,0.0,0
ACP_negative_412,10.0,0.0,0.0,0.0,0
ACP_negative_413,10.0,0.0,0.0,0.0,0
ACP_negative_414,3.0,0.0,1.0,0.0,0
ACP_negative_415,7.0,1.0,1.0,0.0,0
ACP_negative_416,8.0,0.0,0.0,0.0,0
ACP_negative_417,6.0,0.0,0.0,0.0,0
ACP_negative_418,5.0,0.0,0.0,0.0,0
ACP_negative_419,6.0,0.0,0.0,0.0,0
ACP_negative_420,6.0,0.0,0.0,0.0,0
ACP_negative_421,14.0,0.0,0.0,0.0,0
ACP_negative_422,7.0,0.0,0.0,0.0,0
ACP_negative_423,12.0,0.0,0.0,0.0,0
ACP_negative_424,13.0,0.0,0.0,0.0,0
ACP_negative_425,8.0,1.0,0.0,0.0,0
ACP_negative_426,7.0,0.0,0.0,0.0,0
ACP_negative_427,6.0,0.0,0.0,0.0,0
ACP_negative_428,2.0,1.0,0.0,0.0,0
ACP_negative_429,11.0,0.0,1.0,0.0,0
ACP_negative_430,8.0,1.0,0.0,0.0,0
ACP_negative_431,4.0,1.0,0.0,0.0,0
ACP_negative_432,8.0,1.0,0.0,0.0,0
ACP_negative_433,5.0,0.0,0.0,0.0,0
ACP_negative_434,8.0,0.0,0.0,0.0,0
ACP_negative_435,6.0,0.0,0.0,0.0,0
ACP_negative_436,5.0,0.0,0.0,0.0,0
ACP_negative_437,5.0,0.0,0.0,0.0,0
ACP_negative_438,12.0,0.0,0.0,0.0,0
ACP_negative_439,12.0,0.0,0.0,0.0,0
ACP_negative_440,7.0,0.0,0.0,0.0,0
ACP_negative_441,2.0,0.0,0.0,0.0,0
ACP_negative_442,8.0,0.0,0.0,0.0,0
ACP_negative_443,16.0,0.0,0.0,0.0,0
ACP_negative_444,10.0,0.0,0.0,0.0,0
ACP_negative_445,5.0,0.0,0.0,0.0,0
ACP_negative_446,15.0,0.0,0.0,0.0,0
ACP_negative_447,8.0,0.0,0.0,0.0,0
ACP_negative_448,12.0,0.0,0.0,0.0,0
ACP_negative_449,9.0,0.0,0.0,0.0,0
ACP_negative_450,12.0,0.0,0.0,0.0,0
ACP_negative_451,3.0,0.0,0.0,0.0,0
ACP_negative_452,11.0,0.0,0.0,0.0,0
ACP_negative_453,16.0,0.0,0.0,0.0,0
ACP_negative_454,4.0,1.0,0.0,0.0,0
ACP_negative_455,9.0,1.0,0.0,0.0,0
ACP_negative_456,10.0,0.0,0.0,0.0,0
ACP_negative_457,15.0,0.0,0.0,0.0,0
ACP_negative_458,10.0,0.0,1.0,0.0,0
ACP_negative_459,5.0,0.0,0.0,0.0,0
ACP_negative_460,11.0,0.0,0.0,0.0,0
ACP_negative_461,9.0,1.0,1.0,0.0,0
ACP_negative_462,6.0,0.0,0.0,0.0,0
ACP_negative_463,10.0,0.0,0.0,0.0,0
ACP_negative_464,10.0,0.0,0.0,0.0,0
ACP_negative_465,7.0,1.0,0.0,0.0,0
ACP_negative_466,6.0,0.0,0.0,0.0,0
ACP_negative_467,16.0,0.0,0.0,0.0,0
ACP_negative_468,7.0,0.0,0.0,0.0,0
ACP_negative_469,5.0,0.0,0.0,0.0,0
ACP_negative_470,8.0,0.0,1.0,0.0,0
ACP_negative_471,15.0,0.0,0.0,0.0,0
ACP_negative_472,7.0,0.0,0.0,0.0,0
ACP_negative_473,1.0,1.0,0.0,0.0,0
ACP_negative_474,8.0,0.0,0.0,0.0,0
ACP_negative_475,12.0,0.0,0.0,0.0,0
ACP_negative_476,11.0,0.0,0.0,0.0,0
ACP_negative_477,14.0,0.0,0.0,0.0,0
ACP_negative_478,5.0,1.0,1.0,0.0,0
ACP_negative_479,15.0,2.0,0.0,0.0,0
ACP_negative_480,6.0,0.0,0.0,0.0,0
ACP_negative_481,12.0,1.0,0.0,0.0,0
ACP_negative_482,6.0,0.0,0.0,0.0,0
ACP_negative_483,3.0,0.0,0.0,0.0,0
ACP_negative_484,5.0,0.0,0.0,0.0,0
ACP_negative_485,14.0,0.0,0.0,0.0,0
ACP_negative_486,4.0,0.0,0.0,0.0,0
ACP_negative_487,12.0,0.0,2.0,0.0,0
ACP_negative_488,11.0,0.0,0.0,0.0,0
ACP_negative_489,15.0,0.0,0.0,0.0,0
ACP_negative_490,7.0,0.0,0.0,0.0,0
ACP_negative_491,10.0,0.0,0.0,0.0,0
ACP_negative_492,8.0,0.0,0.0,0.0,0
ACP_negative_493,4.0,1.0,0.0,0.0,0
ACP_negative_494,9.0,0.0,0.0,0.0,0
ACP_negative_495,14.0,0.0,0.0,0.0,0
ACP_negative_496,12.0,1.0,0.0,0.0,0
ACP_negative_497,13.0,0.0,0.0,0.0,0
ACP_negative_498,7.0,0.0,0.0,0.0,0
ACP_negative_499,8.0,0.0,0.0,0.0,0
ACP_negative_500,9.0,0.0,0.0,0.0,0
ACP_negative_501,11.0,0.0,0.0,0.0,0
ACP_negative_502,8.0,0.0,0.0,0.0,0
ACP_negative_503,10.0,0.0,0.0,0.0,0
ACP_negative_504,15.0,0.0,0.0,0.0,0
ACP_negative_505,3.0,0.0,1.0,0.0,0
ACP_negative_506,5.0,0.0,1.0,0.0,0
ACP_negative_507,6.0,1.0,0.0,0.0,0
ACP_negative_508,6.0,0.0,0.0,0.0,0
ACP_negative_509,15.0,1.0,0.0,0.0,0
ACP_negative_510,4.0,0.0,0.0,0.0,0
ACP_negative_511,12.0,1.0,0.0,0.0,0
ACP_negative_512,7.0,1.0,0.0,0.0,0
ACP_negative_513,12.0,0.0,0.0,0.0,0
ACP_negative_514,8.0,0.0,0.0,0.0,0
ACP_negative_515,14.0,0.0,0.0,0.0,0
ACP_negative_516,13.0,1.0,0.0,0.0,0
ACP_negative_517,14.0,1.0,0.0,0.0,0
ACP_negative_518,13.0,0.0,0.0,0.0,0
ACP_negative_519,10.0,1.0,0.0,0.0,0
ACP_negative_520,4.0,0.0,0.0,0.0,0
ACP_negative_521,5.0,0.0,0.0,0.0,0
ACP_negative_522,5.0,0.0,0.0,0.0,0
ACP_negative_523,3.0,0.0,0.0,0.0,0
ACP_negative_524,6.0,0.0,0.0,0.0,0
ACP_negative_525,8.0,0.0,0.0,0.0,0
ACP_negative_526,11.0,0.0,0.0,0.0,0
ACP_negative_527,3.0,1.0,0.0,0.0,0
ACP_negative_528,7.0,0.0,0.0,0.0,0
ACP_negative_529,16.0,0.0,1.0,0.0,0
ACP_negative_530,7.0,0.0,0.0,0.0,0
ACP_negative_531,11.0,0.0,0.0,0.0,0
ACP_negative_532,5.0,0.0,0.0,0.0,0
ACP_negative_533,6.0,0.0,0.0,0.0,0
ACP_negative_534,10.0,0.0,0.0,0.0,0
ACP_negative_535,4.0,0.0,0.0,0.0,0
ACP_negative_536,4.0,0.0,1.0,0.0,0
ACP_negative_537,11.0,0.0,0.0,0.0,0
ACP_negative_538,8.0,0.0,0.0,0.0,0
ACP_negative_539,6.0,0.0,0.0,0.0,0
ACP_negative_540,2.0,0.0,0.0,0.0,0
ACP_negative_541,6.0,0.0,0.0,0.0,0
ACP_negative_542,4.0,0.0,0.0,0.0,0
ACP_negative_543,10.0,0.0,0.0,0.0,0
ACP_negative_544,4.0,0.0,0.0,0.0,0
ACP_negative_545,15.0,0.0,0.0,0.0,0
ACP_negative_546,15.0,0.0,0.0,0.0,0
ACP_negative_547,6.0,0.0,0.0,0.0,0
ACP_negative_548,3.0,0.0,0.0,0.0,0
ACP_negative_549,13.0,0.0,0.0,0.0,0
ACP_negative_550,3.0,0.0,0.0,0.0,0
ACP_negative_551,9.0,0.0,0.0,0.0,0
ACP_negative_552,10.0,0.0,0.0,0.0,0
ACP_negative_553,3.0,0.0,0.0,0.0,0
ACP_negative_554,6.0,0.0,0.0,0.0,0
ACP_negative_555,11.0,0.0,0.0,0.0,0
ACP_negative_556,14.0,0.0,0.0,0.0,0
ACP_negative_557,2.0,0.0,0.0,0.0,0
ACP_negative_558,12.0,0.0,0.0,0.0,0
ACP_negative_559,9.0,0.0,1.0,0.0,0
ACP_negative_560,7.0,0.0,0.0,0.0,0
ACP_negative_561,7.0,0.0,0.0,0.0,0
ACP_negative_562,5.0,1.0,0.0,0.0,0
ACP_negative_563,7.0,0.0,0.0,0.0,0
ACP_negative_564,13.0,0.0,0.0,0.0,0
ACP_negative_565,9.0,0.0,0.0,0.0,0
ACP_negative_566,2.0,0.0,0.0,0.0,0
ACP_negative_567,7.0,0.0,0.0,0.0,0
ACP_negative_568,14.0,0.0,0.0,0.0,0
ACP_negative_569,15.0,0.0,0.0,0.0,0
ACP_negative_570,12.0,0.0,0.0,0.0,0
ACP_negative_571,9.0,0.0,0.0,0.0,0
ACP_negative_572,15.0,0.0,0.0,0.0,0
ACP_negative_573,5.0,0.0,0.0,0.0,0
ACP_negative_574,7.0,0.0,0.0,0.0,0
ACP_negative_575,9.0,0.0,0.0,0.0,0
ACP_negative_576,10.0,0.0,0.0,0.0,0
ACP_negative_577,11.0,0.0,0.0,0.0,0
ACP_negative_578,10.0,0.0,0.0,0.0,0
ACP_negative_579,16.0,0.0,1.0,0.0,0
ACP_negative_580,3.0,0.0,0.0,0.0,0
ACP_negative_581,10.0,0.0,0.0,0.0,0
ACP_negative_582,8.0,0.0,0.0,0.0,0
ACP_negative_583,6.0,0.0,1.0,0.0,0
ACP_negative_584,11.0,0.0,0.0,0.0,0
ACP_negative_585,14.0,1.0,1.0,0.0,0
ACP_negative_586,9.0,0.0,0.0,0.0,0
ACP_negative_587,16.0,0.0,0.0,0.0,0
ACP_negative_588,6.0,0.0,0.0,0.0,0
ACP_negative_589,2.0,0.0,1.0,0.0,0
ACP_negative_590,13.0,0.0,0.0,0.0,0
ACP_negative_591,6.0,0.0,0.0,0.0,0
ACP_negative_592,15.0,0.0,1.0,0.0,0
ACP_negative_593,6.0,0.0,0.0,0.0,0
ACP_negative_594,17.0,0.0,0.0,0.0,0
ACP_negative_595,9.0,0.0,0.0,0.0,0
ACP_negative_596,6.0,0.0,0.0,0.0,0
ACP_negative_597,16.0,0.0,0.0,0.0,0
ACP_negative_598,12.0,0.0,0.0,0.0,0
ACP_negative_599,4.0,0.0,0.0,0.0,0
ACP_negative_600,16.0,0.0,0.0,0.0,0
ACP_negative_601,5.0,0.0,0.0,0.0,0
ACP_negative_602,4.0,1.0,0.0,0.0,0
ACP_negative_603,6.0,0.0,0.0,0.0,0
ACP_negative_604,6.0,0.0,0.0,0.0,0
ACP_negative_605,7.0,0.0,1.0,0.0,0
ACP_negative_606,7.0,1.0,1.0,0.0,0
ACP_negative_607,11.0,0.0,0.0,0.0,0
ACP_negative_608,7.0,0.0,0.0,0.0,0
ACP_negative_609,6.0,0.0,0.0,0.0,0
ACP_negative_610,12.0,1.0,0.0,0.0,0
ACP_negative_611,6.0,0.0,0.0,0.0,0
ACP_negative_612,8.0,0.0,0.0,0.0,0
ACP_negative_613,3.0,0.0,0.0,0.0,0
ACP_negative_614,4.0,0.0,0.0,0.0,0
ACP_negative_615,3.0,0.0,0.0,0.0,0
ACP_negative_616,8.0,0.0,0.0,0.0,0
ACP_negative_617,7.0,1.0,0.0,0.0,0
ACP_negative_618,5.0,1.0,0.0,0.0,0
ACP_negative_619,6.0,0.0,0.0,0.0,0
ACP_negative_620,10.0,0.0,0.0,0.0,0
ACP_negative_621,8.0,0.0,0.0,0.0,0
ACP_negative_622,11.0,0.0,0.0,0.0,0
ACP_negative_623,6.0,1.0,0.0,0.0,0
ACP_negative_624,16.0,0.0,0.0,0.0,0
ACP_negative_625,3.0,0.0,0.0,0.0,0
ACP_negative_626,3.0,0.0,1.0,0.0,0
ACP_negative_627,4.0,0.0,0.0,0.0,0
ACP_negative_628,8.0,1.0,0.0,0.0,0
ACP_negative_629,11.0,1.0,0.0,0.0,0
ACP_negative_630,8.0,0.0,0.0,0.0,0
ACP_negative_631,12.0,0.0,0.0,0.0,0
ACP_negative_632,8.0,0.0,0.0,0.0,0
ACP_negative_633,4.0,0.0,0.0,0.0,0
ACP_negative_634,10.0,0.0,0.0,0.0,0
ACP_negative_635,15.0,0.0,0.0,0.0,0
ACP_negative_636,15.0,1.0,0.0,0.0,0
ACP_negative_637,6.0,0.0,0.0,0.0,0
ACP_negative_638,4.0,0.0,0.0,0.0,0
ACP_negative_639,5.0,1.0,0.0,0.0,0
ACP_negative_640,16.0,0.0,0.0,0.0,0
ACP_negative_641,12.0,0.0,0.0,0.0,0
ACP_negative_642,15.0,1.0,0.0,0.0,0
ACP_negative_643,11.0,0.0,0.0,0.0,0
ACP_negative_644,14.0,0.0,0.0,0.0,0
ACP_negative_645,11.0,0.0,0.0,0.0,0
ACP_negative_646,4.0,0.0,0.0,0.0,0
ACP_negative_647,6.0,0.0,0.0,0.0,0
ACP_negative_648,6.0,0.0,1.0,0.0,0
ACP_negative_649,12.0,0.0,1.0,0.0,0
ACP_negative_650,11.0,0.0,0.0,0.0,0
ACP_negative_651,13.0,0.0,0.0,0.0,0
ACP_negative_652,12.0,1.0,0.0,0.0,0
ACP_negative_653,11.0,0.0,0.0,0.0,0
ACP_negative_654,11.0,0.0,0.0,0.0,0
ACP_negative_655,12.0,0.0,0.0,0.0,0
ACP_negative_656,7.0,0.0,0.0,0.0,0
ACP_negative_657,15.0,0.0,0.0,0.0,0
ACP_negative_658,8.0,0.0,0.0,0.0,0
ACP_negative_659,11.0,0.0,0.0,0.0,0
ACP_negative_660,4.0,0.0,0.0,0.0,0
ACP_negative_661,5.0,1.0,0.0,0.0,0
ACP_negative_662,10.0,0.0,0.0,0.0,0
ACP_negative_663,5.0,0.0,0.0,0.0,0
ACP_negative_664,15.0,0.0,0.0,0.0,0
ACP_negative_665,7.0,0.0,0.0,0.0,0
ACP_negative_666,3.0,0.0,0.0,0.0,0
ACP_negative_667,5.0,0.0,0.0,0.0,0
ACP_negative_668,9.0,0.0,0.0,0.0,0
ACP_negative_669,15.0,0.0,0.0,0.0,0
ACP_negative_670,2.0,1.0,0.0,0.0,0
ACP_negative_671,7.0,0.0,0.0,0.0,0
ACP_negative_672,7.0,0.0,0.0,0.0,0
ACP_negative_673,13.0,1.0,1.0,0.0,0
ACP_negative_674,3.0,0.0,0.0,0.0,0
ACP_negative_675,3.0,0.0,0.0,0.0,0
ACP_negative_676,12.0,0.0,1.0,0.0,0
ACP_negative_677,5.0,0.0,0.0,0.0,0
ACP_negative_678,10.0,0.0,0.0,0.0,0
ACP_negative_679,4.0,0.0,0.0,0.0,0
ACP_negative_680,12.0,0.0,0.0,0.0,0
ACP_negative_681,8.0,0.0,0.0,0.0,0
ACP_negative_682,6.0,1.0,0.0,0.0,0
ACP_negative_683,12.0,0.0,0.0,0.0,0
ACP_negative_684,7.0,0.0,0.0,0.0,0
ACP_negative_685,6.0,0.0,0.0,0.0,0
ACP_negative_686,11.0,0.0,2.0,0.0,0
ACP_negative_687,7.0,0.0,0.0,0.0,0
ACP_negative_688,12.0,0.0,0.0,0.0,0
