name,type3B_T1.G.1_T1.G.1_gap2,type3B_T1.G.1_T1.G.2_gap2,type3B_T1.G.2_T1.G.1_gap2,type3B_T1.G.2_T1.G.2_gap2,target
ACP_positive_1,3.0,2.0,3.0,0.0,1
ACP_positive_2,2.0,1.0,0.0,0.0,1
ACP_positive_3,4.0,0.0,2.0,1.0,1
ACP_positive_4,4.0,0.0,2.0,1.0,1
ACP_positive_5,8.0,1.0,1.0,0.0,1
ACP_positive_6,0.0,2.0,0.0,0.0,1
ACP_positive_7,4.0,1.0,0.0,0.0,1
ACP_positive_8,2.0,1.0,1.0,0.0,1
ACP_positive_9,1.0,1.0,2.0,0.0,1
ACP_positive_10,5.0,0.0,2.0,0.0,1
ACP_positive_11,5.0,1.0,1.0,0.0,1
ACP_positive_12,5.0,1.0,1.0,0.0,1
ACP_positive_13,7.0,2.0,0.0,0.0,1
ACP_positive_14,3.0,0.0,0.0,1.0,1
ACP_positive_15,1.0,2.0,0.0,0.0,1
ACP_positive_16,3.0,0.0,1.0,0.0,1
ACP_positive_17,4.0,1.0,0.0,0.0,1
ACP_positive_18,5.0,0.0,3.0,0.0,1
ACP_positive_19,2.0,3.0,0.0,1.0,1
ACP_positive_20,4.0,2.0,1.0,1.0,1
ACP_positive_21,2.0,0.0,2.0,0.0,1
ACP_positive_22,7.0,2.0,0.0,0.0,1
ACP_positive_23,3.0,0.0,2.0,0.0,1
ACP_positive_24,1.0,1.0,2.0,0.0,1
ACP_positive_25,3.0,1.0,2.0,0.0,1
ACP_positive_26,7.0,1.0,1.0,0.0,1
ACP_positive_27,7.0,0.0,1.0,0.0,1
ACP_positive_28,4.0,0.0,0.0,0.0,1
ACP_positive_29,4.0,0.0,2.0,0.0,1
ACP_positive_30,2.0,1.0,1.0,0.0,1
ACP_positive_31,1.0,3.0,0.0,1.0,1
ACP_positive_32,3.0,3.0,0.0,1.0,1
ACP_positive_33,2.0,0.0,1.0,0.0,1
ACP_positive_34,5.0,1.0,1.0,1.0,1
ACP_positive_35,9.0,0.0,1.0,0.0,1
ACP_positive_36,8.0,4.0,4.0,0.0,1
ACP_positive_37,12.0,2.0,1.0,0.0,1
ACP_positive_38,4.0,1.0,1.0,1.0,1
ACP_positive_39,3.0,1.0,1.0,0.0,1
ACP_positive_40,8.0,1.0,1.0,0.0,1
ACP_positive_41,1.0,1.0,1.0,1.0,1
ACP_positive_42,6.0,1.0,0.0,1.0,1
ACP_positive_43,3.0,0.0,1.0,0.0,1
ACP_positive_44,6.0,1.0,1.0,0.0,1
ACP_positive_45,7.0,1.0,2.0,0.0,1
ACP_positive_46,2.0,1.0,0.0,0.0,1
ACP_positive_47,5.0,1.0,2.0,2.0,1
ACP_positive_48,1.0,3.0,0.0,0.0,1
ACP_positive_49,5.0,1.0,1.0,0.0,1
ACP_positive_50,4.0,1.0,0.0,0.0,1
ACP_positive_51,4.0,0.0,2.0,0.0,1
ACP_positive_52,1.0,1.0,1.0,1.0,1
ACP_positive_53,11.0,2.0,0.0,0.0,1
ACP_positive_54,3.0,1.0,1.0,0.0,1
ACP_positive_55,1.0,2.0,1.0,1.0,1
ACP_positive_56,8.0,1.0,1.0,0.0,1
ACP_positive_57,1.0,3.0,1.0,0.0,1
ACP_positive_58,4.0,1.0,1.0,0.0,1
ACP_positive_59,4.0,3.0,1.0,0.0,1
ACP_positive_60,7.0,3.0,0.0,0.0,1
ACP_positive_61,2.0,1.0,0.0,1.0,1
ACP_positive_62,1.0,1.0,1.0,1.0,1
ACP_positive_63,1.0,1.0,0.0,0.0,1
ACP_positive_64,5.0,1.0,0.0,0.0,1
ACP_positive_65,2.0,1.0,1.0,0.0,1
ACP_positive_66,3.0,1.0,1.0,0.0,1
ACP_positive_67,2.0,1.0,1.0,1.0,1
ACP_positive_68,9.0,1.0,0.0,0.0,1
ACP_positive_69,3.0,2.0,2.0,0.0,1
ACP_positive_70,2.0,3.0,1.0,1.0,1
ACP_positive_71,2.0,1.0,1.0,0.0,1
ACP_positive_72,0.0,2.0,1.0,0.0,1
ACP_positive_73,5.0,4.0,0.0,0.0,1
ACP_positive_74,4.0,0.0,1.0,0.0,1
ACP_positive_75,8.0,1.0,1.0,0.0,1
ACP_positive_76,4.0,1.0,2.0,0.0,1
ACP_positive_77,10.0,1.0,0.0,0.0,1
ACP_positive_78,6.0,3.0,2.0,0.0,1
ACP_positive_79,8.0,2.0,0.0,0.0,1
ACP_positive_80,2.0,0.0,2.0,0.0,1
ACP_positive_81,3.0,1.0,0.0,0.0,1
ACP_positive_82,4.0,0.0,0.0,0.0,1
ACP_positive_83,5.0,0.0,1.0,1.0,1
ACP_positive_84,10.0,1.0,2.0,0.0,1
ACP_positive_85,1.0,2.0,2.0,1.0,1
ACP_positive_86,6.0,0.0,0.0,0.0,1
ACP_positive_87,1.0,1.0,0.0,2.0,1
ACP_positive_88,1.0,2.0,1.0,0.0,1
ACP_positive_89,3.0,0.0,2.0,0.0,1
ACP_positive_90,4.0,1.0,0.0,0.0,1
ACP_positive_91,9.0,3.0,0.0,0.0,1
ACP_positive_92,3.0,1.0,0.0,1.0,1
ACP_positive_93,3.0,0.0,0.0,1.0,1
ACP_positive_94,5.0,0.0,1.0,0.0,1
ACP_positive_95,2.0,1.0,1.0,0.0,1
ACP_positive_96,4.0,2.0,2.0,0.0,1
ACP_positive_97,6.0,1.0,0.0,1.0,1
ACP_positive_98,11.0,2.0,0.0,0.0,1
ACP_positive_99,4.0,1.0,0.0,0.0,1
ACP_positive_100,2.0,1.0,2.0,0.0,1
ACP_positive_101,8.0,2.0,0.0,0.0,1
ACP_positive_102,5.0,2.0,0.0,1.0,1
ACP_positive_103,3.0,1.0,0.0,0.0,1
ACP_positive_104,4.0,0.0,2.0,0.0,1
ACP_positive_105,3.0,2.0,2.0,1.0,1
ACP_positive_106,3.0,1.0,2.0,1.0,1
ACP_positive_107,3.0,0.0,0.0,1.0,1
ACP_positive_108,3.0,1.0,0.0,0.0,1
ACP_positive_109,5.0,0.0,3.0,0.0,1
ACP_positive_110,1.0,1.0,0.0,2.0,1
ACP_positive_111,3.0,0.0,1.0,0.0,1
ACP_positive_112,3.0,1.0,2.0,2.0,1
ACP_positive_113,6.0,0.0,0.0,0.0,1
ACP_positive_114,5.0,1.0,0.0,1.0,1
ACP_positive_115,8.0,2.0,0.0,0.0,1
ACP_positive_116,9.0,1.0,2.0,0.0,1
ACP_positive_117,3.0,0.0,1.0,3.0,1
ACP_positive_118,5.0,1.0,1.0,0.0,1
ACP_positive_119,4.0,1.0,0.0,0.0,1
ACP_positive_120,7.0,2.0,0.0,0.0,1
ACP_positive_121,3.0,1.0,2.0,1.0,1
ACP_positive_122,9.0,1.0,1.0,0.0,1
ACP_positive_123,9.0,1.0,0.0,0.0,1
ACP_positive_124,9.0,2.0,1.0,1.0,1
ACP_positive_125,4.0,0.0,2.0,0.0,1
ACP_positive_126,10.0,3.0,2.0,1.0,1
ACP_positive_127,2.0,1.0,2.0,1.0,1
ACP_positive_128,3.0,1.0,0.0,2.0,1
ACP_positive_129,4.0,0.0,1.0,0.0,1
ACP_positive_130,2.0,1.0,0.0,1.0,1
ACP_positive_131,4.0,3.0,0.0,1.0,1
ACP_positive_132,4.0,0.0,1.0,0.0,1
ACP_positive_133,1.0,1.0,1.0,0.0,1
ACP_positive_134,10.0,2.0,1.0,0.0,1
ACP_positive_135,2.0,1.0,0.0,0.0,1
ACP_positive_136,2.0,0.0,1.0,0.0,1
ACP_positive_137,3.0,1.0,1.0,1.0,1
ACP_positive_138,5.0,1.0,0.0,0.0,1
ACP_positive_139,9.0,0.0,2.0,0.0,1
ACP_positive_140,8.0,1.0,1.0,0.0,1
ACP_positive_141,1.0,1.0,1.0,0.0,1
ACP_positive_142,2.0,0.0,1.0,0.0,1
ACP_positive_143,4.0,1.0,0.0,0.0,1
ACP_positive_144,6.0,2.0,0.0,0.0,1
ACP_positive_145,2.0,0.0,1.0,0.0,1
ACP_positive_146,3.0,1.0,1.0,0.0,1
ACP_positive_147,9.0,2.0,2.0,0.0,1
ACP_positive_148,0.0,1.0,3.0,0.0,1
ACP_positive_149,1.0,2.0,1.0,1.0,1
ACP_positive_150,2.0,0.0,2.0,0.0,1
ACP_positive_151,2.0,1.0,1.0,1.0,1
ACP_positive_152,3.0,0.0,1.0,1.0,1
ACP_positive_153,7.0,3.0,0.0,0.0,1
ACP_positive_154,7.0,0.0,0.0,0.0,1
ACP_positive_155,4.0,3.0,0.0,0.0,1
ACP_positive_156,9.0,1.0,1.0,1.0,1
ACP_positive_157,1.0,1.0,1.0,1.0,1
ACP_positive_158,4.0,1.0,0.0,0.0,1
ACP_positive_159,3.0,1.0,1.0,0.0,1
ACP_positive_160,2.0,2.0,0.0,2.0,1
ACP_positive_161,2.0,0.0,1.0,1.0,1
ACP_positive_162,5.0,1.0,1.0,0.0,1
ACP_positive_163,3.0,3.0,1.0,1.0,1
ACP_positive_164,3.0,1.0,2.0,0.0,1
ACP_positive_165,3.0,1.0,1.0,0.0,1
ACP_positive_166,4.0,0.0,0.0,1.0,1
ACP_positive_167,1.0,1.0,0.0,2.0,1
ACP_positive_168,1.0,1.0,2.0,0.0,1
ACP_positive_169,7.0,3.0,0.0,0.0,1
ACP_positive_170,4.0,0.0,0.0,0.0,1
ACP_positive_171,1.0,1.0,1.0,1.0,1
ACP_positive_172,3.0,0.0,0.0,0.0,1
ACP_positive_173,5.0,0.0,2.0,0.0,1
ACP_positive_174,7.0,2.0,2.0,1.0,1
ACP_positive_175,1.0,2.0,2.0,0.0,1
ACP_positive_176,1.0,0.0,2.0,1.0,1
ACP_positive_177,2.0,1.0,0.0,1.0,1
ACP_positive_178,3.0,2.0,1.0,0.0,1
ACP_positive_179,3.0,3.0,0.0,0.0,1
ACP_positive_180,4.0,1.0,3.0,1.0,1
ACP_positive_181,5.0,0.0,0.0,1.0,1
ACP_positive_182,2.0,0.0,1.0,1.0,1
ACP_positive_183,7.0,0.0,0.0,1.0,1
ACP_positive_184,6.0,3.0,0.0,0.0,1
ACP_positive_185,4.0,0.0,1.0,1.0,1
ACP_positive_186,11.0,1.0,1.0,1.0,1
ACP_positive_187,3.0,0.0,1.0,0.0,1
ACP_positive_188,9.0,2.0,3.0,0.0,1
ACP_positive_189,3.0,3.0,1.0,1.0,1
ACP_positive_190,4.0,1.0,0.0,0.0,1
ACP_positive_191,3.0,1.0,0.0,0.0,1
ACP_positive_192,1.0,0.0,2.0,1.0,1
ACP_positive_193,9.0,0.0,4.0,0.0,1
ACP_positive_194,4.0,2.0,1.0,0.0,1
ACP_positive_195,2.0,0.0,1.0,1.0,1
ACP_positive_196,0.0,0.0,2.0,0.0,1
ACP_positive_197,4.0,0.0,1.0,0.0,1
ACP_positive_198,7.0,1.0,2.0,0.0,1
ACP_positive_199,3.0,0.0,1.0,1.0,1
ACP_positive_200,6.0,4.0,1.0,0.0,1
ACP_positive_201,8.0,2.0,0.0,0.0,1
ACP_positive_202,1.0,2.0,0.0,1.0,1
ACP_positive_203,11.0,0.0,2.0,0.0,1
ACP_positive_204,1.0,2.0,1.0,0.0,1
ACP_positive_205,3.0,2.0,1.0,0.0,1
ACP_positive_206,3.0,1.0,2.0,0.0,1
ACP_positive_207,6.0,0.0,2.0,0.0,1
ACP_positive_208,4.0,0.0,0.0,2.0,1
ACP_positive_209,5.0,2.0,2.0,0.0,1
ACP_positive_210,4.0,0.0,1.0,0.0,1
ACP_positive_211,3.0,1.0,4.0,0.0,1
ACP_positive_212,3.0,3.0,1.0,1.0,1
ACP_positive_213,10.0,3.0,1.0,1.0,1
ACP_positive_214,4.0,0.0,0.0,1.0,1
ACP_positive_215,1.0,1.0,2.0,0.0,1
ACP_positive_216,8.0,2.0,0.0,0.0,1
ACP_positive_217,6.0,0.0,1.0,0.0,1
ACP_positive_218,4.0,0.0,1.0,0.0,1
ACP_positive_219,5.0,0.0,1.0,0.0,1
ACP_positive_220,3.0,0.0,1.0,0.0,1
ACP_positive_221,1.0,1.0,1.0,1.0,1
ACP_positive_222,5.0,1.0,2.0,1.0,1
ACP_positive_223,5.0,1.0,0.0,1.0,1
ACP_positive_224,5.0,0.0,2.0,0.0,1
ACP_positive_225,6.0,3.0,0.0,0.0,1
ACP_positive_226,12.0,1.0,0.0,0.0,1
ACP_positive_227,10.0,0.0,3.0,0.0,1
ACP_positive_228,3.0,1.0,1.0,1.0,1
ACP_positive_229,8.0,2.0,0.0,0.0,1
ACP_positive_230,1.0,1.0,2.0,0.0,1
ACP_positive_231,8.0,4.0,1.0,0.0,1
ACP_positive_232,3.0,2.0,0.0,0.0,1
ACP_positive_233,6.0,2.0,1.0,0.0,1
ACP_positive_234,1.0,3.0,0.0,1.0,1
ACP_positive_235,6.0,0.0,1.0,0.0,1
ACP_positive_236,2.0,1.0,1.0,0.0,1
ACP_positive_237,8.0,0.0,2.0,0.0,1
ACP_positive_238,4.0,0.0,1.0,1.0,1
ACP_positive_239,4.0,5.0,0.0,0.0,1
ACP_positive_240,1.0,0.0,0.0,1.0,1
ACP_positive_241,1.0,1.0,1.0,1.0,1
ACP_positive_242,6.0,2.0,0.0,0.0,1
ACP_positive_243,3.0,1.0,1.0,0.0,1
ACP_positive_244,3.0,0.0,1.0,0.0,1
ACP_positive_245,2.0,1.0,0.0,1.0,1
ACP_positive_246,5.0,2.0,1.0,0.0,1
ACP_positive_247,8.0,1.0,1.0,0.0,1
ACP_positive_248,5.0,0.0,2.0,0.0,1
ACP_positive_249,4.0,0.0,1.0,0.0,1
ACP_positive_250,1.0,1.0,3.0,1.0,1
ACP_positive_251,3.0,4.0,1.0,0.0,1
ACP_positive_252,4.0,4.0,0.0,0.0,1
ACP_positive_253,2.0,1.0,0.0,1.0,1
ACP_positive_254,6.0,2.0,0.0,1.0,1
ACP_positive_255,14.0,2.0,1.0,0.0,1
ACP_positive_256,8.0,1.0,1.0,0.0,1
ACP_positive_257,2.0,1.0,0.0,1.0,1
ACP_positive_258,2.0,0.0,0.0,0.0,1
ACP_positive_259,1.0,2.0,1.0,1.0,1
ACP_positive_260,2.0,0.0,2.0,0.0,1
ACP_positive_261,0.0,1.0,1.0,2.0,1
ACP_positive_262,9.0,1.0,3.0,1.0,1
ACP_positive_263,3.0,0.0,2.0,0.0,1
ACP_positive_264,7.0,0.0,2.0,1.0,1
ACP_positive_265,2.0,1.0,1.0,1.0,1
ACP_positive_266,6.0,1.0,2.0,0.0,1
ACP_positive_267,2.0,2.0,0.0,0.0,1
ACP_positive_268,6.0,2.0,1.0,1.0,1
ACP_positive_269,1.0,1.0,3.0,0.0,1
ACP_positive_270,5.0,1.0,0.0,0.0,1
ACP_positive_271,4.0,0.0,2.0,0.0,1
ACP_positive_272,3.0,0.0,0.0,1.0,1
ACP_positive_273,3.0,3.0,4.0,1.0,1
ACP_positive_274,3.0,2.0,1.0,1.0,1
ACP_positive_275,5.0,0.0,2.0,0.0,1
ACP_positive_276,3.0,0.0,0.0,1.0,1
ACP_positive_277,1.0,0.0,1.0,2.0,1
ACP_positive_278,5.0,2.0,0.0,0.0,1
ACP_positive_279,2.0,1.0,1.0,1.0,1
ACP_positive_280,4.0,2.0,4.0,0.0,1
ACP_positive_281,3.0,1.0,0.0,0.0,1
ACP_positive_282,0.0,1.0,1.0,1.0,1
ACP_positive_283,6.0,1.0,0.0,0.0,1
ACP_positive_284,4.0,1.0,0.0,0.0,1
ACP_positive_285,7.0,0.0,0.0,0.0,1
ACP_positive_286,6.0,1.0,1.0,0.0,1
ACP_positive_287,6.0,1.0,1.0,1.0,1
ACP_positive_288,2.0,1.0,1.0,0.0,1
ACP_positive_289,10.0,1.0,1.0,0.0,1
ACP_positive_290,9.0,0.0,1.0,0.0,1
ACP_positive_291,2.0,0.0,2.0,0.0,1
ACP_positive_292,7.0,2.0,0.0,0.0,1
ACP_positive_293,11.0,1.0,1.0,1.0,1
ACP_positive_294,2.0,3.0,5.0,1.0,1
ACP_positive_295,5.0,1.0,2.0,0.0,1
ACP_positive_296,6.0,1.0,2.0,0.0,1
ACP_positive_297,2.0,3.0,0.0,1.0,1
ACP_positive_298,10.0,0.0,3.0,0.0,1
ACP_positive_299,2.0,1.0,1.0,0.0,1
ACP_positive_300,2.0,1.0,0.0,1.0,1
ACP_positive_301,12.0,1.0,0.0,1.0,1
ACP_positive_302,2.0,1.0,1.0,0.0,1
ACP_positive_303,2.0,3.0,1.0,0.0,1
ACP_positive_304,2.0,0.0,1.0,1.0,1
ACP_positive_305,4.0,1.0,0.0,0.0,1
ACP_positive_306,5.0,0.0,1.0,1.0,1
ACP_positive_307,4.0,2.0,0.0,0.0,1
ACP_positive_308,3.0,2.0,1.0,0.0,1
ACP_positive_309,4.0,0.0,0.0,0.0,1
ACP_positive_310,6.0,2.0,0.0,0.0,1
ACP_positive_311,2.0,2.0,0.0,1.0,1
ACP_positive_312,9.0,3.0,1.0,0.0,1
ACP_positive_313,3.0,4.0,1.0,0.0,1
ACP_positive_314,6.0,0.0,0.0,0.0,1
ACP_positive_315,0.0,1.0,1.0,0.0,1
ACP_positive_316,2.0,1.0,1.0,0.0,1
ACP_positive_317,2.0,2.0,1.0,0.0,1
ACP_positive_318,2.0,0.0,1.0,1.0,1
ACP_positive_319,1.0,2.0,1.0,0.0,1
ACP_positive_320,8.0,2.0,1.0,0.0,1
ACP_positive_321,7.0,1.0,2.0,0.0,1
ACP_positive_322,1.0,2.0,0.0,0.0,1
ACP_positive_323,2.0,4.0,0.0,0.0,1
ACP_positive_324,3.0,1.0,2.0,2.0,1
ACP_positive_325,2.0,1.0,1.0,0.0,1
ACP_positive_326,8.0,2.0,1.0,0.0,1
ACP_positive_327,9.0,1.0,0.0,0.0,1
ACP_positive_328,2.0,1.0,0.0,1.0,1
ACP_positive_329,3.0,2.0,3.0,0.0,1
ACP_positive_330,3.0,2.0,0.0,2.0,1
ACP_positive_331,4.0,5.0,0.0,0.0,1
ACP_positive_332,4.0,3.0,3.0,1.0,1
ACP_positive_333,2.0,0.0,1.0,1.0,1
ACP_positive_334,9.0,0.0,1.0,0.0,1
ACP_positive_335,5.0,0.0,1.0,1.0,1
ACP_positive_336,1.0,2.0,0.0,1.0,1
ACP_positive_337,3.0,1.0,2.0,0.0,1
ACP_positive_338,4.0,0.0,1.0,0.0,1
ACP_positive_339,2.0,1.0,0.0,1.0,1
ACP_positive_340,1.0,2.0,1.0,2.0,1
ACP_positive_341,0.0,0.0,2.0,0.0,1
ACP_positive_342,2.0,1.0,0.0,1.0,1
ACP_positive_343,3.0,3.0,0.0,3.0,1
ACP_positive_344,0.0,2.0,1.0,1.0,1
ACP_positive_345,7.0,2.0,1.0,0.0,1
ACP_positive_346,2.0,3.0,0.0,1.0,1
ACP_positive_347,2.0,0.0,2.0,0.0,1
ACP_positive_348,12.0,2.0,1.0,1.0,1
ACP_positive_349,3.0,0.0,1.0,0.0,1
ACP_positive_350,4.0,2.0,1.0,1.0,1
ACP_positive_351,1.0,1.0,1.0,1.0,1
ACP_positive_352,4.0,0.0,1.0,0.0,1
ACP_positive_353,2.0,2.0,0.0,0.0,1
ACP_positive_354,12.0,2.0,1.0,0.0,1
ACP_positive_355,2.0,0.0,2.0,0.0,1
ACP_positive_356,3.0,2.0,0.0,2.0,1
ACP_positive_357,6.0,1.0,1.0,0.0,1
ACP_positive_358,5.0,1.0,1.0,0.0,1
ACP_positive_359,5.0,4.0,0.0,0.0,1
ACP_positive_360,1.0,1.0,2.0,2.0,1
ACP_positive_361,7.0,0.0,2.0,1.0,1
ACP_positive_362,9.0,1.0,0.0,0.0,1
ACP_positive_363,4.0,0.0,0.0,1.0,1
ACP_positive_364,2.0,0.0,0.0,0.0,1
ACP_positive_365,7.0,0.0,0.0,0.0,1
ACP_positive_366,2.0,1.0,2.0,0.0,1
ACP_positive_367,4.0,1.0,1.0,0.0,1
ACP_positive_368,9.0,3.0,0.0,0.0,1
ACP_positive_369,5.0,2.0,0.0,0.0,1
ACP_positive_370,2.0,0.0,1.0,1.0,1
ACP_positive_371,3.0,0.0,1.0,0.0,1
ACP_positive_372,2.0,0.0,2.0,0.0,1
ACP_positive_373,2.0,1.0,1.0,0.0,1
ACP_positive_374,6.0,0.0,0.0,0.0,1
ACP_positive_375,2.0,0.0,1.0,0.0,1
ACP_positive_376,3.0,3.0,0.0,0.0,1
ACP_positive_377,10.0,2.0,1.0,0.0,1
ACP_positive_378,8.0,2.0,0.0,0.0,1
ACP_positive_379,8.0,1.0,0.0,0.0,1
ACP_positive_380,0.0,1.0,0.0,1.0,1
ACP_positive_381,0.0,1.0,2.0,0.0,1
ACP_positive_382,3.0,3.0,0.0,0.0,1
ACP_positive_383,2.0,3.0,1.0,0.0,1
ACP_positive_384,6.0,3.0,0.0,0.0,1
ACP_positive_385,2.0,1.0,0.0,0.0,1
ACP_positive_386,9.0,2.0,1.0,0.0,1
ACP_positive_387,3.0,2.0,1.0,0.0,1
ACP_positive_388,1.0,2.0,1.0,1.0,1
ACP_positive_389,5.0,0.0,1.0,2.0,1
ACP_positive_390,2.0,1.0,0.0,1.0,1
ACP_positive_391,8.0,0.0,2.0,0.0,1
ACP_positive_392,4.0,1.0,4.0,2.0,1
ACP_positive_393,2.0,0.0,2.0,0.0,1
ACP_positive_394,2.0,1.0,0.0,1.0,1
ACP_positive_395,8.0,2.0,0.0,0.0,1
ACP_positive_396,4.0,1.0,0.0,0.0,1
ACP_positive_397,4.0,0.0,1.0,0.0,1
ACP_positive_398,3.0,1.0,2.0,0.0,1
ACP_positive_399,1.0,2.0,0.0,0.0,1
ACP_positive_400,3.0,1.0,1.0,1.0,1
ACP_positive_401,2.0,0.0,1.0,1.0,1
ACP_positive_402,8.0,2.0,0.0,0.0,1
ACP_positive_403,6.0,0.0,1.0,1.0,1
ACP_positive_404,5.0,1.0,3.0,0.0,1
ACP_positive_405,7.0,0.0,0.0,0.0,1
ACP_positive_406,4.0,0.0,1.0,0.0,1
ACP_positive_407,2.0,0.0,0.0,0.0,1
ACP_positive_408,1.0,2.0,2.0,0.0,1
ACP_positive_409,11.0,1.0,1.0,0.0,1
ACP_positive_410,5.0,1.0,2.0,0.0,1
ACP_positive_411,5.0,1.0,1.0,1.0,1
ACP_positive_412,9.0,0.0,0.0,0.0,1
ACP_positive_413,9.0,1.0,1.0,1.0,1
ACP_positive_414,2.0,1.0,1.0,0.0,1
ACP_positive_415,1.0,1.0,1.0,1.0,1
ACP_positive_416,8.0,1.0,1.0,0.0,1
ACP_positive_417,5.0,1.0,0.0,1.0,1
ACP_positive_418,1.0,1.0,1.0,1.0,1
ACP_positive_419,1.0,2.0,0.0,1.0,1
ACP_positive_420,0.0,2.0,0.0,0.0,1
ACP_positive_421,3.0,0.0,2.0,0.0,1
ACP_positive_422,4.0,3.0,1.0,0.0,1
ACP_positive_423,1.0,1.0,2.0,0.0,1
ACP_positive_424,3.0,2.0,1.0,0.0,1
ACP_positive_425,8.0,0.0,2.0,0.0,1
ACP_positive_426,4.0,0.0,0.0,0.0,1
ACP_positive_427,6.0,1.0,0.0,1.0,1
ACP_positive_428,0.0,3.0,1.0,0.0,1
ACP_positive_429,3.0,2.0,0.0,2.0,1
ACP_positive_430,2.0,1.0,0.0,1.0,1
ACP_positive_431,7.0,2.0,1.0,0.0,1
ACP_positive_432,3.0,2.0,2.0,1.0,1
ACP_positive_433,8.0,2.0,0.0,0.0,1
ACP_positive_434,5.0,1.0,2.0,0.0,1
ACP_positive_435,5.0,2.0,0.0,1.0,1
ACP_positive_436,9.0,2.0,2.0,0.0,1
ACP_positive_437,2.0,2.0,0.0,0.0,1
ACP_positive_438,2.0,1.0,1.0,0.0,1
ACP_positive_439,5.0,1.0,1.0,0.0,1
ACP_positive_440,5.0,1.0,4.0,0.0,1
ACP_positive_441,2.0,0.0,1.0,1.0,1
ACP_positive_442,3.0,0.0,0.0,0.0,1
ACP_positive_443,8.0,3.0,1.0,1.0,1
ACP_positive_444,2.0,0.0,1.0,0.0,1
ACP_positive_445,6.0,1.0,1.0,0.0,1
ACP_positive_446,4.0,1.0,0.0,0.0,1
ACP_positive_447,2.0,2.0,1.0,0.0,1
ACP_positive_448,1.0,0.0,2.0,1.0,1
ACP_positive_449,0.0,2.0,2.0,0.0,1
ACP_positive_450,3.0,0.0,0.0,1.0,1
ACP_positive_451,7.0,1.0,2.0,0.0,1
ACP_positive_452,2.0,1.0,0.0,0.0,1
ACP_positive_453,3.0,1.0,2.0,0.0,1
ACP_positive_454,2.0,1.0,1.0,0.0,1
ACP_positive_455,2.0,0.0,1.0,1.0,1
ACP_positive_456,4.0,1.0,2.0,0.0,1
ACP_positive_457,2.0,1.0,1.0,0.0,1
ACP_positive_458,2.0,2.0,1.0,2.0,1
ACP_positive_459,4.0,1.0,0.0,0.0,1
ACP_positive_460,1.0,0.0,2.0,1.0,1
ACP_positive_461,10.0,1.0,0.0,1.0,1
ACP_positive_462,7.0,1.0,0.0,0.0,1
ACP_positive_463,1.0,1.0,0.0,2.0,1
ACP_positive_464,3.0,2.0,1.0,1.0,1
ACP_positive_465,5.0,2.0,0.0,1.0,1
ACP_positive_466,3.0,1.0,1.0,0.0,1
ACP_positive_467,7.0,0.0,0.0,0.0,1
ACP_positive_468,8.0,3.0,3.0,0.0,1
ACP_positive_469,1.0,1.0,1.0,1.0,1
ACP_positive_470,8.0,1.0,4.0,0.0,1
ACP_positive_471,12.0,2.0,1.0,0.0,1
ACP_positive_472,7.0,0.0,0.0,0.0,1
ACP_positive_473,2.0,1.0,0.0,1.0,1
ACP_positive_474,6.0,2.0,0.0,0.0,1
ACP_positive_475,7.0,2.0,0.0,0.0,1
ACP_positive_476,5.0,2.0,0.0,0.0,1
ACP_positive_477,5.0,0.0,0.0,0.0,1
ACP_positive_478,12.0,1.0,0.0,1.0,1
ACP_positive_479,1.0,2.0,0.0,1.0,1
ACP_positive_480,2.0,1.0,1.0,0.0,1
ACP_positive_481,4.0,0.0,2.0,0.0,1
ACP_positive_482,7.0,0.0,0.0,0.0,1
ACP_positive_483,1.0,0.0,1.0,0.0,1
ACP_positive_484,3.0,0.0,0.0,0.0,1
ACP_positive_485,4.0,0.0,1.0,0.0,1
ACP_positive_486,2.0,0.0,2.0,0.0,1
ACP_positive_487,0.0,1.0,3.0,0.0,1
ACP_positive_488,7.0,1.0,3.0,0.0,1
ACP_positive_489,3.0,2.0,1.0,2.0,1
ACP_positive_490,4.0,3.0,1.0,1.0,1
ACP_positive_491,3.0,3.0,0.0,1.0,1
ACP_positive_492,3.0,0.0,0.0,0.0,1
ACP_positive_493,11.0,1.0,3.0,0.0,1
ACP_positive_494,12.0,2.0,1.0,0.0,1
ACP_positive_495,3.0,1.0,2.0,1.0,1
ACP_positive_496,5.0,2.0,0.0,0.0,1
ACP_positive_497,3.0,3.0,0.0,1.0,1
ACP_positive_498,6.0,2.0,0.0,0.0,1
ACP_positive_499,8.0,4.0,0.0,0.0,1
ACP_positive_500,11.0,0.0,1.0,0.0,1
ACP_positive_501,3.0,1.0,1.0,0.0,1
ACP_positive_502,3.0,1.0,1.0,0.0,1
ACP_positive_503,0.0,3.0,0.0,1.0,1
ACP_positive_504,1.0,1.0,1.0,1.0,1
ACP_positive_505,1.0,0.0,2.0,1.0,1
ACP_positive_506,6.0,5.0,0.0,0.0,1
ACP_positive_507,2.0,0.0,0.0,0.0,1
ACP_positive_508,3.0,1.0,1.0,0.0,1
ACP_positive_509,1.0,1.0,2.0,0.0,1
ACP_positive_510,1.0,0.0,3.0,0.0,1
ACP_positive_511,2.0,0.0,1.0,0.0,1
ACP_positive_512,2.0,2.0,2.0,0.0,1
ACP_positive_513,2.0,2.0,0.0,1.0,1
ACP_positive_514,9.0,1.0,0.0,0.0,1
ACP_positive_515,8.0,1.0,1.0,0.0,1
ACP_positive_516,14.0,2.0,1.0,0.0,1
ACP_positive_517,4.0,1.0,0.0,0.0,1
ACP_positive_518,1.0,2.0,2.0,0.0,1
ACP_positive_519,8.0,1.0,2.0,0.0,1
ACP_positive_520,2.0,2.0,1.0,0.0,1
ACP_positive_521,9.0,1.0,2.0,0.0,1
ACP_positive_522,14.0,1.0,1.0,0.0,1
ACP_positive_523,4.0,4.0,1.0,0.0,1
ACP_positive_524,4.0,0.0,1.0,0.0,1
ACP_positive_525,6.0,0.0,1.0,2.0,1
ACP_positive_526,2.0,1.0,1.0,0.0,1
ACP_positive_527,2.0,0.0,1.0,0.0,1
ACP_positive_528,5.0,3.0,3.0,0.0,1
ACP_positive_529,2.0,1.0,1.0,0.0,1
ACP_positive_530,7.0,0.0,0.0,1.0,1
ACP_positive_531,12.0,1.0,1.0,0.0,1
ACP_positive_532,1.0,1.0,1.0,1.0,1
ACP_positive_533,2.0,2.0,1.0,0.0,1
ACP_positive_534,2.0,0.0,2.0,0.0,1
ACP_positive_535,2.0,1.0,0.0,0.0,1
ACP_positive_536,2.0,2.0,0.0,0.0,1
ACP_positive_537,7.0,2.0,1.0,0.0,1
ACP_positive_538,2.0,2.0,0.0,2.0,1
ACP_positive_539,8.0,2.0,0.0,0.0,1
ACP_positive_540,6.0,0.0,0.0,2.0,1
ACP_positive_541,7.0,3.0,1.0,2.0,1
ACP_positive_542,1.0,3.0,2.0,0.0,1
ACP_positive_543,3.0,2.0,1.0,0.0,1
ACP_positive_544,3.0,3.0,4.0,0.0,1
ACP_positive_545,3.0,0.0,0.0,1.0,1
ACP_positive_546,5.0,0.0,0.0,0.0,1
ACP_positive_547,9.0,0.0,3.0,1.0,1
ACP_positive_548,2.0,3.0,1.0,1.0,1
ACP_positive_549,2.0,0.0,0.0,2.0,1
ACP_positive_550,7.0,0.0,0.0,0.0,1
ACP_positive_551,4.0,0.0,2.0,0.0,1
ACP_positive_552,3.0,1.0,0.0,0.0,1
ACP_positive_553,4.0,0.0,0.0,0.0,1
ACP_positive_554,9.0,1.0,2.0,0.0,1
ACP_positive_555,5.0,1.0,1.0,0.0,1
ACP_positive_556,6.0,3.0,0.0,0.0,1
ACP_positive_557,10.0,2.0,1.0,0.0,1
ACP_positive_558,5.0,1.0,2.0,1.0,1
ACP_positive_559,1.0,1.0,1.0,1.0,1
ACP_positive_560,5.0,1.0,1.0,1.0,1
ACP_positive_561,3.0,2.0,0.0,1.0,1
ACP_positive_562,1.0,1.0,1.0,1.0,1
ACP_positive_563,8.0,0.0,2.0,0.0,1
ACP_positive_564,0.0,0.0,1.0,1.0,1
ACP_positive_565,1.0,0.0,2.0,1.0,1
ACP_positive_566,3.0,0.0,0.0,0.0,1
ACP_positive_567,6.0,1.0,3.0,0.0,1
ACP_positive_568,4.0,2.0,3.0,2.0,1
ACP_positive_569,5.0,2.0,2.0,0.0,1
ACP_positive_570,14.0,0.0,2.0,0.0,1
ACP_positive_571,8.0,0.0,2.0,0.0,1
ACP_positive_572,4.0,2.0,1.0,0.0,1
ACP_positive_573,10.0,2.0,1.0,0.0,1
ACP_positive_574,2.0,1.0,0.0,0.0,1
ACP_positive_575,8.0,0.0,1.0,0.0,1
ACP_positive_576,3.0,2.0,1.0,0.0,1
ACP_positive_577,1.0,3.0,0.0,1.0,1
ACP_positive_578,10.0,5.0,0.0,0.0,1
ACP_positive_579,3.0,3.0,2.0,0.0,1
ACP_positive_580,2.0,1.0,1.0,1.0,1
ACP_positive_581,8.0,1.0,1.0,0.0,1
ACP_positive_582,2.0,0.0,1.0,1.0,1
ACP_positive_583,5.0,1.0,0.0,2.0,1
ACP_positive_584,6.0,2.0,0.0,0.0,1
ACP_positive_585,0.0,1.0,2.0,0.0,1
ACP_positive_586,9.0,3.0,0.0,0.0,1
ACP_positive_587,3.0,0.0,0.0,0.0,1
ACP_positive_588,0.0,2.0,2.0,2.0,1
ACP_positive_589,3.0,0.0,0.0,1.0,1
ACP_positive_590,3.0,0.0,0.0,0.0,1
ACP_positive_591,0.0,1.0,1.0,0.0,1
ACP_positive_592,4.0,1.0,0.0,0.0,1
ACP_positive_593,8.0,0.0,5.0,0.0,1
ACP_positive_594,2.0,0.0,0.0,0.0,1
ACP_positive_595,5.0,1.0,1.0,0.0,1
ACP_positive_596,6.0,1.0,0.0,1.0,1
ACP_positive_597,3.0,3.0,1.0,0.0,1
ACP_positive_598,3.0,1.0,1.0,0.0,1
ACP_positive_599,2.0,0.0,1.0,0.0,1
ACP_positive_600,5.0,2.0,0.0,0.0,1
ACP_positive_601,2.0,0.0,1.0,1.0,1
ACP_positive_602,9.0,2.0,1.0,0.0,1
ACP_positive_603,1.0,0.0,2.0,1.0,1
ACP_positive_604,10.0,4.0,1.0,0.0,1
ACP_positive_605,1.0,0.0,0.0,0.0,1
ACP_positive_606,5.0,4.0,0.0,0.0,1
ACP_positive_607,12.0,3.0,0.0,0.0,1
ACP_positive_608,8.0,0.0,0.0,0.0,1
ACP_positive_609,2.0,0.0,2.0,1.0,1
ACP_positive_610,10.0,2.0,1.0,0.0,1
ACP_positive_611,1.0,2.0,2.0,1.0,1
ACP_positive_612,5.0,1.0,1.0,1.0,1
ACP_positive_613,4.0,1.0,0.0,0.0,1
ACP_positive_614,7.0,2.0,0.0,0.0,1
ACP_positive_615,4.0,1.0,2.0,0.0,1
ACP_positive_616,2.0,1.0,0.0,0.0,1
ACP_positive_617,6.0,0.0,0.0,0.0,1
ACP_positive_618,5.0,1.0,1.0,1.0,1
ACP_positive_619,3.0,0.0,1.0,1.0,1
ACP_positive_620,3.0,1.0,2.0,0.0,1
ACP_positive_621,1.0,1.0,1.0,1.0,1
ACP_positive_622,6.0,1.0,2.0,0.0,1
ACP_positive_623,3.0,0.0,1.0,0.0,1
ACP_positive_624,4.0,3.0,0.0,0.0,1
ACP_positive_625,2.0,1.0,0.0,1.0,1
ACP_positive_626,2.0,1.0,2.0,1.0,1
ACP_positive_627,0.0,1.0,2.0,1.0,1
ACP_positive_628,1.0,1.0,2.0,1.0,1
ACP_positive_629,5.0,1.0,2.0,0.0,1
ACP_positive_630,7.0,2.0,1.0,0.0,1
ACP_positive_631,8.0,2.0,0.0,0.0,1
ACP_positive_632,1.0,1.0,3.0,1.0,1
ACP_positive_633,3.0,2.0,3.0,0.0,1
ACP_positive_634,0.0,2.0,1.0,1.0,1
ACP_positive_635,7.0,1.0,0.0,0.0,1
ACP_positive_636,2.0,0.0,1.0,1.0,1
ACP_positive_637,1.0,1.0,1.0,0.0,1
ACP_positive_638,1.0,3.0,0.0,0.0,1
ACP_positive_639,7.0,2.0,1.0,0.0,1
ACP_positive_640,9.0,1.0,5.0,0.0,1
ACP_positive_641,2.0,2.0,1.0,0.0,1
ACP_positive_642,5.0,0.0,3.0,0.0,1
ACP_positive_643,8.0,0.0,2.0,0.0,1
ACP_positive_644,1.0,1.0,0.0,2.0,1
ACP_positive_645,9.0,2.0,2.0,0.0,1
ACP_positive_646,13.0,0.0,1.0,1.0,1
ACP_positive_647,1.0,2.0,0.0,0.0,1
ACP_positive_648,1.0,2.0,2.0,0.0,1
ACP_positive_649,8.0,3.0,1.0,0.0,1
ACP_positive_650,5.0,1.0,1.0,1.0,1
ACP_positive_651,6.0,2.0,0.0,1.0,1
ACP_positive_652,3.0,2.0,1.0,0.0,1
ACP_positive_653,6.0,1.0,1.0,1.0,1
ACP_positive_654,5.0,1.0,1.0,0.0,1
ACP_positive_655,12.0,2.0,1.0,0.0,1
ACP_positive_656,2.0,2.0,0.0,0.0,1
ACP_positive_657,1.0,0.0,1.0,1.0,1
ACP_positive_658,7.0,1.0,1.0,0.0,1
ACP_positive_659,1.0,1.0,1.0,1.0,1
ACP_positive_660,2.0,3.0,1.0,0.0,1
ACP_positive_661,5.0,2.0,2.0,2.0,1
ACP_positive_662,2.0,0.0,2.0,0.0,1
ACP_positive_663,1.0,0.0,0.0,0.0,1
ACP_positive_664,3.0,0.0,1.0,1.0,1
ACP_positive_665,4.0,0.0,1.0,0.0,1
ACP_positive_666,2.0,3.0,0.0,1.0,1
ACP_positive_667,2.0,3.0,0.0,1.0,1
ACP_positive_668,4.0,1.0,4.0,0.0,1
ACP_positive_669,3.0,2.0,1.0,0.0,1
ACP_positive_670,12.0,2.0,1.0,0.0,1
ACP_positive_671,4.0,0.0,1.0,1.0,1
ACP_positive_672,9.0,2.0,1.0,0.0,1
ACP_positive_673,2.0,1.0,1.0,3.0,1
ACP_positive_674,2.0,1.0,0.0,0.0,1
ACP_positive_675,1.0,1.0,1.0,1.0,1
ACP_positive_676,8.0,2.0,0.0,0.0,1
ACP_positive_677,4.0,1.0,0.0,0.0,1
ACP_positive_678,3.0,0.0,0.0,1.0,1
ACP_positive_679,6.0,0.0,0.0,0.0,1
ACP_positive_680,3.0,0.0,0.0,0.0,1
ACP_positive_681,6.0,2.0,0.0,1.0,1
ACP_positive_682,9.0,3.0,1.0,1.0,1
ACP_positive_683,3.0,2.0,1.0,2.0,1
ACP_positive_684,8.0,2.0,2.0,0.0,1
ACP_positive_685,3.0,2.0,1.0,0.0,1
ACP_positive_686,4.0,0.0,1.0,0.0,1
ACP_positive_687,12.0,2.0,1.0,0.0,1
ACP_positive_688,3.0,1.0,2.0,1.0,1
ACP_negative_1,0.0,1.0,1.0,2.0,0
ACP_negative_2,9.0,1.0,1.0,0.0,0
ACP_negative_3,8.0,3.0,0.0,0.0,0
ACP_negative_4,2.0,1.0,0.0,0.0,0
ACP_negative_5,7.0,2.0,2.0,0.0,0
ACP_negative_6,10.0,1.0,1.0,0.0,0
ACP_negative_7,10.0,2.0,1.0,0.0,0
ACP_negative_8,5.0,1.0,0.0,2.0,0
ACP_negative_9,5.0,0.0,1.0,2.0,0
ACP_negative_10,8.0,4.0,0.0,0.0,0
ACP_negative_11,11.0,2.0,2.0,0.0,0
ACP_negative_12,3.0,3.0,0.0,1.0,0
ACP_negative_13,4.0,1.0,1.0,0.0,0
ACP_negative_14,4.0,2.0,0.0,0.0,0
ACP_negative_15,2.0,0.0,0.0,0.0,0
ACP_negative_16,7.0,1.0,3.0,0.0,0
ACP_negative_17,3.0,0.0,1.0,0.0,0
ACP_negative_18,5.0,1.0,2.0,0.0,0
ACP_negative_19,8.0,4.0,0.0,0.0,0
ACP_negative_20,10.0,1.0,1.0,0.0,0
ACP_negative_21,10.0,1.0,4.0,0.0,0
ACP_negative_22,3.0,3.0,1.0,0.0,0
ACP_negative_23,7.0,1.0,2.0,2.0,0
ACP_negative_24,6.0,3.0,2.0,0.0,0
ACP_negative_25,10.0,1.0,1.0,0.0,0
ACP_negative_26,4.0,3.0,0.0,0.0,0
ACP_negative_27,0.0,1.0,0.0,3.0,0
ACP_negative_28,10.0,0.0,1.0,0.0,0
ACP_negative_29,6.0,0.0,1.0,0.0,0
ACP_negative_30,11.0,3.0,0.0,0.0,0
ACP_negative_31,10.0,1.0,2.0,1.0,0
ACP_negative_32,4.0,2.0,1.0,1.0,0
ACP_negative_33,3.0,0.0,2.0,0.0,0
ACP_negative_34,14.0,1.0,0.0,0.0,0
ACP_negative_35,3.0,3.0,1.0,0.0,0
ACP_negative_36,4.0,0.0,0.0,0.0,0
ACP_negative_37,7.0,1.0,1.0,0.0,0
ACP_negative_38,5.0,0.0,3.0,0.0,0
ACP_negative_39,3.0,1.0,1.0,0.0,0
ACP_negative_40,10.0,5.0,1.0,0.0,0
ACP_negative_41,4.0,0.0,0.0,1.0,0
ACP_negative_42,0.0,2.0,0.0,1.0,0
ACP_negative_43,5.0,1.0,4.0,0.0,0
ACP_negative_44,1.0,2.0,2.0,0.0,0
ACP_negative_45,5.0,1.0,1.0,0.0,0
ACP_negative_46,8.0,0.0,2.0,0.0,0
ACP_negative_47,15.0,0.0,1.0,0.0,0
ACP_negative_48,7.0,4.0,1.0,0.0,0
ACP_negative_49,4.0,2.0,1.0,0.0,0
ACP_negative_50,4.0,1.0,1.0,0.0,0
ACP_negative_51,3.0,1.0,0.0,0.0,0
ACP_negative_52,8.0,2.0,1.0,0.0,0
ACP_negative_53,2.0,1.0,1.0,1.0,0
ACP_negative_54,6.0,0.0,1.0,0.0,0
ACP_negative_55,6.0,2.0,1.0,0.0,0
ACP_negative_56,2.0,1.0,1.0,0.0,0
ACP_negative_57,4.0,2.0,1.0,0.0,0
ACP_negative_58,5.0,2.0,3.0,1.0,0
ACP_negative_59,3.0,1.0,1.0,0.0,0
ACP_negative_60,2.0,2.0,2.0,1.0,0
ACP_negative_61,5.0,2.0,0.0,1.0,0
ACP_negative_62,4.0,0.0,1.0,0.0,0
ACP_negative_63,0.0,1.0,1.0,0.0,0
ACP_negative_64,10.0,5.0,1.0,0.0,0
ACP_negative_65,10.0,1.0,0.0,0.0,0
ACP_negative_66,4.0,0.0,0.0,1.0,0
ACP_negative_67,7.0,1.0,0.0,0.0,0
ACP_negative_68,9.0,1.0,0.0,0.0,0
ACP_negative_69,3.0,1.0,0.0,0.0,0
ACP_negative_70,3.0,2.0,0.0,0.0,0
ACP_negative_71,2.0,0.0,1.0,1.0,0
ACP_negative_72,6.0,1.0,1.0,1.0,0
ACP_negative_73,2.0,1.0,1.0,1.0,0
ACP_negative_74,3.0,1.0,1.0,0.0,0
ACP_negative_75,11.0,2.0,1.0,0.0,0
ACP_negative_76,2.0,3.0,1.0,1.0,0
ACP_negative_77,8.0,1.0,1.0,0.0,0
ACP_negative_78,8.0,1.0,3.0,0.0,0
ACP_negative_79,6.0,1.0,0.0,0.0,0
ACP_negative_80,12.0,0.0,3.0,0.0,0
ACP_negative_81,12.0,3.0,0.0,0.0,0
ACP_negative_82,5.0,1.0,1.0,1.0,0
ACP_negative_83,9.0,1.0,3.0,1.0,0
ACP_negative_84,7.0,2.0,2.0,0.0,0
ACP_negative_85,4.0,2.0,2.0,0.0,0
ACP_negative_86,5.0,1.0,1.0,0.0,0
ACP_negative_87,3.0,3.0,1.0,0.0,0
ACP_negative_88,3.0,2.0,1.0,0.0,0
ACP_negative_89,2.0,2.0,1.0,0.0,0
ACP_negative_90,3.0,1.0,1.0,0.0,0
ACP_negative_91,5.0,2.0,0.0,1.0,0
ACP_negative_92,8.0,1.0,1.0,0.0,0
ACP_negative_93,3.0,1.0,1.0,1.0,0
ACP_negative_94,5.0,3.0,1.0,0.0,0
ACP_negative_95,7.0,3.0,1.0,0.0,0
ACP_negative_96,6.0,1.0,2.0,0.0,0
ACP_negative_97,7.0,1.0,1.0,0.0,0
ACP_negative_98,2.0,1.0,0.0,0.0,0
ACP_negative_99,7.0,1.0,3.0,0.0,0
ACP_negative_100,9.0,0.0,2.0,0.0,0
ACP_negative_101,9.0,3.0,1.0,0.0,0
ACP_negative_102,5.0,2.0,1.0,0.0,0
ACP_negative_103,4.0,2.0,0.0,0.0,0
ACP_negative_104,2.0,1.0,0.0,0.0,0
ACP_negative_105,2.0,2.0,0.0,0.0,0
ACP_negative_106,11.0,1.0,2.0,1.0,0
ACP_negative_107,7.0,1.0,0.0,0.0,0
ACP_negative_108,15.0,0.0,1.0,0.0,0
ACP_negative_109,4.0,0.0,0.0,0.0,0
ACP_negative_110,5.0,2.0,1.0,0.0,0
ACP_negative_111,10.0,2.0,2.0,0.0,0
ACP_negative_112,9.0,2.0,1.0,0.0,0
ACP_negative_113,6.0,0.0,1.0,0.0,0
ACP_negative_114,4.0,1.0,0.0,0.0,0
ACP_negative_115,11.0,3.0,1.0,1.0,0
ACP_negative_116,8.0,2.0,0.0,1.0,0
ACP_negative_117,7.0,2.0,1.0,0.0,0
ACP_negative_118,9.0,4.0,0.0,1.0,0
ACP_negative_119,8.0,3.0,1.0,0.0,0
ACP_negative_120,1.0,3.0,0.0,0.0,0
ACP_negative_121,6.0,0.0,0.0,2.0,0
ACP_negative_122,8.0,1.0,1.0,1.0,0
ACP_negative_123,6.0,3.0,1.0,0.0,0
ACP_negative_124,5.0,1.0,0.0,0.0,0
ACP_negative_125,3.0,1.0,1.0,0.0,0
ACP_negative_126,8.0,3.0,0.0,1.0,0
ACP_negative_127,5.0,1.0,1.0,0.0,0
ACP_negative_128,11.0,2.0,1.0,0.0,0
ACP_negative_129,4.0,0.0,1.0,0.0,0
ACP_negative_130,8.0,1.0,0.0,0.0,0
ACP_negative_131,0.0,0.0,1.0,2.0,0
ACP_negative_132,4.0,0.0,2.0,0.0,0
ACP_negative_133,3.0,0.0,4.0,0.0,0
ACP_negative_134,9.0,4.0,0.0,0.0,0
ACP_negative_135,9.0,2.0,2.0,1.0,0
ACP_negative_136,2.0,1.0,2.0,0.0,0
ACP_negative_137,7.0,2.0,1.0,0.0,0
ACP_negative_138,5.0,1.0,0.0,0.0,0
ACP_negative_139,7.0,3.0,2.0,0.0,0
ACP_negative_140,5.0,1.0,1.0,1.0,0
ACP_negative_141,8.0,2.0,0.0,0.0,0
ACP_negative_142,8.0,2.0,0.0,0.0,0
ACP_negative_143,9.0,2.0,2.0,0.0,0
ACP_negative_144,3.0,1.0,0.0,0.0,0
ACP_negative_145,11.0,3.0,0.0,0.0,0
ACP_negative_146,2.0,0.0,1.0,1.0,0
ACP_negative_147,5.0,2.0,0.0,0.0,0
ACP_negative_148,5.0,2.0,1.0,1.0,0
ACP_negative_149,10.0,1.0,2.0,0.0,0
ACP_negative_150,5.0,1.0,1.0,0.0,0
ACP_negative_151,12.0,2.0,1.0,1.0,0
ACP_negative_152,12.0,0.0,2.0,0.0,0
ACP_negative_153,2.0,0.0,1.0,0.0,0
ACP_negative_154,0.0,2.0,1.0,0.0,0
ACP_negative_155,5.0,1.0,1.0,0.0,0
ACP_negative_156,8.0,0.0,2.0,0.0,0
ACP_negative_157,12.0,2.0,0.0,0.0,0
ACP_negative_158,12.0,0.0,1.0,1.0,0
ACP_negative_159,7.0,1.0,0.0,1.0,0
ACP_negative_160,2.0,0.0,1.0,0.0,0
ACP_negative_161,10.0,0.0,1.0,0.0,0
ACP_negative_162,7.0,2.0,4.0,0.0,0
ACP_negative_163,12.0,2.0,1.0,0.0,0
ACP_negative_164,9.0,0.0,1.0,0.0,0
ACP_negative_165,2.0,1.0,0.0,0.0,0
ACP_negative_166,3.0,1.0,1.0,3.0,0
ACP_negative_167,8.0,1.0,1.0,0.0,0
ACP_negative_168,1.0,1.0,0.0,0.0,0
ACP_negative_169,2.0,0.0,1.0,0.0,0
ACP_negative_170,6.0,3.0,2.0,1.0,0
ACP_negative_171,8.0,2.0,1.0,0.0,0
ACP_negative_172,6.0,1.0,1.0,0.0,0
ACP_negative_173,7.0,2.0,1.0,1.0,0
ACP_negative_174,11.0,1.0,1.0,1.0,0
ACP_negative_175,5.0,3.0,2.0,0.0,0
ACP_negative_176,5.0,1.0,2.0,0.0,0
ACP_negative_177,7.0,1.0,2.0,0.0,0
ACP_negative_178,3.0,1.0,0.0,0.0,0
ACP_negative_179,14.0,1.0,0.0,0.0,0
ACP_negative_180,10.0,3.0,1.0,0.0,0
ACP_negative_181,3.0,1.0,2.0,0.0,0
ACP_negative_182,12.0,1.0,1.0,0.0,0
ACP_negative_183,4.0,0.0,1.0,0.0,0
ACP_negative_184,4.0,2.0,1.0,0.0,0
ACP_negative_185,6.0,1.0,2.0,0.0,0
ACP_negative_186,10.0,1.0,1.0,0.0,0
ACP_negative_187,6.0,2.0,1.0,0.0,0
ACP_negative_188,3.0,1.0,0.0,0.0,0
ACP_negative_189,5.0,1.0,0.0,1.0,0
ACP_negative_190,11.0,4.0,0.0,0.0,0
ACP_negative_191,6.0,3.0,2.0,0.0,0
ACP_negative_192,9.0,2.0,4.0,0.0,0
ACP_negative_193,1.0,0.0,1.0,0.0,0
ACP_negative_194,7.0,1.0,2.0,0.0,0
ACP_negative_195,5.0,2.0,1.0,0.0,0
ACP_negative_196,10.0,1.0,0.0,1.0,0
ACP_negative_197,5.0,1.0,1.0,1.0,0
ACP_negative_198,5.0,1.0,1.0,1.0,0
ACP_negative_199,10.0,3.0,2.0,1.0,0
ACP_negative_200,5.0,0.0,0.0,0.0,0
ACP_negative_201,10.0,1.0,1.0,0.0,0
ACP_negative_202,4.0,1.0,0.0,0.0,0
ACP_negative_203,15.0,0.0,1.0,0.0,0
ACP_negative_204,2.0,1.0,0.0,0.0,0
ACP_negative_205,4.0,0.0,0.0,0.0,0
ACP_negative_206,4.0,2.0,1.0,0.0,0
ACP_negative_207,11.0,1.0,0.0,0.0,0
ACP_negative_208,5.0,2.0,1.0,0.0,0
ACP_negative_209,12.0,1.0,4.0,0.0,0
ACP_negative_210,3.0,2.0,2.0,0.0,0
ACP_negative_211,8.0,0.0,2.0,0.0,0
ACP_negative_212,4.0,2.0,2.0,0.0,0
ACP_negative_213,10.0,1.0,1.0,0.0,0
ACP_negative_214,13.0,1.0,2.0,0.0,0
ACP_negative_215,9.0,1.0,0.0,0.0,0
ACP_negative_216,2.0,1.0,0.0,0.0,0
ACP_negative_217,5.0,2.0,1.0,0.0,0
ACP_negative_218,11.0,3.0,0.0,0.0,0
ACP_negative_219,7.0,2.0,3.0,0.0,0
ACP_negative_220,2.0,1.0,2.0,0.0,0
ACP_negative_221,4.0,1.0,0.0,0.0,0
ACP_negative_222,9.0,0.0,3.0,0.0,0
ACP_negative_223,9.0,3.0,0.0,0.0,0
ACP_negative_224,4.0,1.0,2.0,0.0,0
ACP_negative_225,6.0,3.0,2.0,0.0,0
ACP_negative_226,6.0,3.0,1.0,1.0,0
ACP_negative_227,3.0,0.0,2.0,1.0,0
ACP_negative_228,7.0,4.0,0.0,0.0,0
ACP_negative_229,6.0,0.0,0.0,0.0,0
ACP_negative_230,6.0,1.0,0.0,0.0,0
ACP_negative_231,1.0,3.0,0.0,1.0,0
ACP_negative_232,5.0,0.0,2.0,0.0,0
ACP_negative_233,4.0,0.0,2.0,0.0,0
ACP_negative_234,6.0,1.0,2.0,0.0,0
ACP_negative_235,7.0,1.0,2.0,0.0,0
ACP_negative_236,5.0,2.0,2.0,0.0,0
ACP_negative_237,5.0,2.0,1.0,0.0,0
ACP_negative_238,10.0,1.0,0.0,0.0,0
ACP_negative_239,5.0,1.0,1.0,1.0,0
ACP_negative_240,10.0,0.0,1.0,0.0,0
ACP_negative_241,7.0,2.0,2.0,0.0,0
ACP_negative_242,7.0,1.0,4.0,0.0,0
ACP_negative_243,9.0,6.0,1.0,0.0,0
ACP_negative_244,9.0,2.0,1.0,0.0,0
ACP_negative_245,7.0,1.0,0.0,1.0,0
ACP_negative_246,3.0,2.0,1.0,2.0,0
ACP_negative_247,9.0,1.0,0.0,0.0,0
ACP_negative_248,6.0,1.0,1.0,0.0,0
ACP_negative_249,8.0,3.0,1.0,0.0,0
ACP_negative_250,2.0,0.0,1.0,0.0,0
ACP_negative_251,4.0,0.0,1.0,1.0,0
ACP_negative_252,5.0,1.0,1.0,0.0,0
ACP_negative_253,10.0,2.0,2.0,0.0,0
ACP_negative_254,7.0,1.0,3.0,0.0,0
ACP_negative_255,7.0,2.0,1.0,0.0,0
ACP_negative_256,9.0,1.0,0.0,0.0,0
ACP_negative_257,8.0,1.0,0.0,1.0,0
ACP_negative_258,6.0,2.0,0.0,0.0,0
ACP_negative_259,6.0,2.0,0.0,1.0,0
ACP_negative_260,1.0,3.0,2.0,0.0,0
ACP_negative_261,5.0,1.0,1.0,1.0,0
ACP_negative_262,2.0,0.0,0.0,0.0,0
ACP_negative_263,12.0,3.0,0.0,0.0,0
ACP_negative_264,11.0,1.0,2.0,0.0,0
ACP_negative_265,6.0,1.0,2.0,0.0,0
ACP_negative_266,3.0,2.0,0.0,1.0,0
ACP_negative_267,6.0,1.0,0.0,1.0,0
ACP_negative_268,7.0,1.0,3.0,1.0,0
ACP_negative_269,9.0,3.0,0.0,0.0,0
ACP_negative_270,9.0,1.0,2.0,1.0,0
ACP_negative_271,6.0,0.0,0.0,0.0,0
ACP_negative_272,8.0,0.0,3.0,0.0,0
ACP_negative_273,6.0,0.0,1.0,0.0,0
ACP_negative_274,8.0,2.0,0.0,0.0,0
ACP_negative_275,8.0,1.0,0.0,0.0,0
ACP_negative_276,7.0,3.0,1.0,0.0,0
ACP_negative_277,5.0,0.0,0.0,0.0,0
ACP_negative_278,11.0,2.0,4.0,0.0,0
ACP_negative_279,7.0,3.0,0.0,0.0,0
ACP_negative_280,2.0,1.0,2.0,0.0,0
ACP_negative_281,4.0,1.0,1.0,0.0,0
ACP_negative_282,14.0,0.0,1.0,0.0,0
ACP_negative_283,13.0,3.0,0.0,0.0,0
ACP_negative_284,6.0,0.0,4.0,1.0,0
ACP_negative_285,9.0,0.0,2.0,0.0,0
ACP_negative_286,11.0,1.0,1.0,0.0,0
ACP_negative_287,4.0,2.0,1.0,1.0,0
ACP_negative_288,2.0,0.0,1.0,2.0,0
ACP_negative_289,3.0,1.0,1.0,2.0,0
ACP_negative_290,12.0,1.0,1.0,1.0,0
ACP_negative_291,13.0,2.0,1.0,0.0,0
ACP_negative_292,5.0,0.0,1.0,1.0,0
ACP_negative_293,7.0,3.0,2.0,0.0,0
ACP_negative_294,10.0,0.0,3.0,0.0,0
ACP_negative_295,4.0,0.0,0.0,0.0,0
ACP_negative_296,9.0,3.0,0.0,0.0,0
ACP_negative_297,9.0,1.0,1.0,0.0,0
ACP_negative_298,5.0,1.0,1.0,1.0,0
ACP_negative_299,1.0,0.0,2.0,0.0,0
ACP_negative_300,4.0,1.0,2.0,1.0,0
ACP_negative_301,4.0,0.0,1.0,0.0,0
ACP_negative_302,4.0,2.0,0.0,0.0,0
ACP_negative_303,3.0,1.0,0.0,1.0,0
ACP_negative_304,10.0,0.0,1.0,1.0,0
ACP_negative_305,5.0,1.0,1.0,1.0,0
ACP_negative_306,9.0,1.0,1.0,1.0,0
ACP_negative_307,4.0,0.0,3.0,0.0,0
ACP_negative_308,2.0,1.0,0.0,0.0,0
ACP_negative_309,2.0,1.0,1.0,1.0,0
ACP_negative_310,5.0,2.0,1.0,0.0,0
ACP_negative_311,6.0,1.0,0.0,0.0,0
ACP_negative_312,3.0,2.0,1.0,2.0,0
ACP_negative_313,9.0,1.0,1.0,0.0,0
ACP_negative_314,9.0,3.0,1.0,0.0,0
ACP_negative_315,4.0,1.0,4.0,0.0,0
ACP_negative_316,5.0,0.0,0.0,0.0,0
ACP_negative_317,4.0,2.0,2.0,0.0,0
ACP_negative_318,8.0,0.0,0.0,0.0,0
ACP_negative_319,11.0,0.0,1.0,2.0,0
ACP_negative_320,6.0,2.0,0.0,1.0,0
ACP_negative_321,3.0,0.0,1.0,0.0,0
ACP_negative_322,7.0,0.0,0.0,0.0,0
ACP_negative_323,7.0,1.0,3.0,1.0,0
ACP_negative_324,3.0,2.0,2.0,1.0,0
ACP_negative_325,13.0,2.0,2.0,0.0,0
ACP_negative_326,3.0,0.0,0.0,0.0,0
ACP_negative_327,6.0,3.0,2.0,0.0,0
ACP_negative_328,6.0,1.0,1.0,0.0,0
ACP_negative_329,15.0,1.0,1.0,0.0,0
ACP_negative_330,8.0,1.0,0.0,0.0,0
ACP_negative_331,11.0,1.0,1.0,0.0,0
ACP_negative_332,6.0,2.0,0.0,0.0,0
ACP_negative_333,11.0,3.0,1.0,1.0,0
ACP_negative_334,2.0,3.0,1.0,0.0,0
ACP_negative_335,3.0,0.0,0.0,1.0,0
ACP_negative_336,2.0,2.0,0.0,0.0,0
ACP_negative_337,5.0,2.0,0.0,1.0,0
ACP_negative_338,9.0,2.0,1.0,0.0,0
ACP_negative_339,10.0,2.0,0.0,2.0,0
ACP_negative_340,2.0,1.0,0.0,1.0,0
ACP_negative_341,8.0,0.0,0.0,0.0,0
ACP_negative_342,13.0,4.0,0.0,0.0,0
ACP_negative_343,9.0,1.0,1.0,1.0,0
ACP_negative_344,7.0,0.0,1.0,0.0,0
ACP_negative_345,4.0,2.0,1.0,0.0,0
ACP_negative_346,3.0,3.0,0.0,1.0,0
ACP_negative_347,7.0,3.0,1.0,0.0,0
ACP_negative_348,7.0,1.0,3.0,0.0,0
ACP_negative_349,8.0,0.0,4.0,0.0,0
ACP_negative_350,7.0,2.0,4.0,0.0,0
ACP_negative_351,2.0,1.0,0.0,0.0,0
ACP_negative_352,6.0,1.0,1.0,0.0,0
ACP_negative_353,2.0,1.0,0.0,1.0,0
ACP_negative_354,14.0,0.0,1.0,0.0,0
ACP_negative_355,2.0,1.0,2.0,0.0,0
ACP_negative_356,9.0,2.0,4.0,0.0,0
ACP_negative_357,6.0,0.0,1.0,0.0,0
ACP_negative_358,13.0,1.0,2.0,0.0,0
ACP_negative_359,2.0,1.0,0.0,0.0,0
ACP_negative_360,5.0,1.0,2.0,0.0,0
ACP_negative_361,5.0,1.0,1.0,1.0,0
ACP_negative_362,1.0,2.0,0.0,0.0,0
ACP_negative_363,7.0,2.0,1.0,0.0,0
ACP_negative_364,8.0,2.0,1.0,1.0,0
ACP_negative_365,5.0,2.0,0.0,0.0,0
ACP_negative_366,9.0,2.0,0.0,0.0,0
ACP_negative_367,8.0,0.0,3.0,1.0,0
ACP_negative_368,12.0,2.0,0.0,0.0,0
ACP_negative_369,4.0,2.0,4.0,0.0,0
ACP_negative_370,6.0,2.0,0.0,0.0,0
ACP_negative_371,4.0,0.0,2.0,0.0,0
ACP_negative_372,10.0,1.0,1.0,1.0,0
ACP_negative_373,3.0,1.0,0.0,0.0,0
ACP_negative_374,6.0,1.0,3.0,1.0,0
ACP_negative_375,2.0,0.0,0.0,0.0,0
ACP_negative_376,4.0,2.0,0.0,1.0,0
ACP_negative_377,11.0,2.0,1.0,0.0,0
ACP_negative_378,6.0,1.0,1.0,0.0,0
ACP_negative_379,9.0,2.0,1.0,0.0,0
ACP_negative_380,9.0,1.0,1.0,0.0,0
ACP_negative_381,10.0,2.0,4.0,0.0,0
ACP_negative_382,9.0,3.0,2.0,1.0,0
ACP_negative_383,15.0,1.0,1.0,0.0,0
ACP_negative_384,8.0,2.0,0.0,0.0,0
ACP_negative_385,1.0,2.0,3.0,0.0,0
ACP_negative_386,2.0,3.0,1.0,0.0,0
ACP_negative_387,5.0,1.0,1.0,0.0,0
ACP_negative_388,7.0,1.0,3.0,0.0,0
ACP_negative_389,13.0,0.0,1.0,0.0,0
ACP_negative_390,0.0,2.0,1.0,0.0,0
ACP_negative_391,3.0,0.0,0.0,0.0,0
ACP_negative_392,9.0,1.0,2.0,0.0,0
ACP_negative_393,6.0,1.0,0.0,1.0,0
ACP_negative_394,3.0,3.0,0.0,1.0,0
ACP_negative_395,4.0,0.0,0.0,1.0,0
ACP_negative_396,3.0,0.0,2.0,0.0,0
ACP_negative_397,7.0,2.0,2.0,1.0,0
ACP_negative_398,3.0,0.0,1.0,1.0,0
ACP_negative_399,9.0,1.0,3.0,0.0,0
ACP_negative_400,7.0,1.0,2.0,0.0,0
ACP_negative_401,3.0,1.0,1.0,0.0,0
ACP_negative_402,13.0,2.0,1.0,0.0,0
ACP_negative_403,1.0,2.0,1.0,0.0,0
ACP_negative_404,4.0,1.0,1.0,1.0,0
ACP_negative_405,5.0,0.0,1.0,0.0,0
ACP_negative_406,11.0,1.0,3.0,0.0,0
ACP_negative_407,4.0,0.0,1.0,1.0,0
ACP_negative_408,14.0,0.0,2.0,0.0,0
ACP_negative_409,9.0,5.0,1.0,0.0,0
ACP_negative_410,5.0,1.0,1.0,0.0,0
ACP_negative_411,3.0,2.0,1.0,0.0,0
ACP_negative_412,6.0,3.0,1.0,0.0,0
ACP_negative_413,5.0,1.0,4.0,0.0,0
ACP_negative_414,3.0,0.0,1.0,0.0,0
ACP_negative_415,3.0,2.0,3.0,1.0,0
ACP_negative_416,3.0,1.0,2.0,2.0,0
ACP_negative_417,2.0,2.0,1.0,1.0,0
ACP_negative_418,3.0,0.0,2.0,0.0,0
ACP_negative_419,4.0,0.0,1.0,1.0,0
ACP_negative_420,3.0,0.0,2.0,1.0,0
ACP_negative_421,8.0,4.0,2.0,0.0,0
ACP_negative_422,6.0,1.0,0.0,0.0,0
ACP_negative_423,7.0,1.0,3.0,1.0,0
ACP_negative_424,11.0,2.0,0.0,0.0,0
ACP_negative_425,7.0,1.0,0.0,1.0,0
ACP_negative_426,6.0,1.0,0.0,0.0,0
ACP_negative_427,4.0,1.0,1.0,0.0,0
ACP_negative_428,1.0,1.0,1.0,0.0,0
ACP_negative_429,8.0,1.0,3.0,0.0,0
ACP_negative_430,6.0,1.0,2.0,0.0,0
ACP_negative_431,2.0,1.0,2.0,0.0,0
ACP_negative_432,4.0,3.0,1.0,1.0,0
ACP_negative_433,5.0,0.0,0.0,0.0,0
ACP_negative_434,4.0,2.0,1.0,1.0,0
ACP_negative_435,5.0,1.0,0.0,0.0,0
ACP_negative_436,2.0,0.0,2.0,1.0,0
ACP_negative_437,2.0,2.0,1.0,0.0,0
ACP_negative_438,9.0,1.0,1.0,1.0,0
ACP_negative_439,10.0,1.0,1.0,0.0,0
ACP_negative_440,2.0,2.0,2.0,1.0,0
ACP_negative_441,0.0,1.0,0.0,1.0,0
ACP_negative_442,5.0,0.0,1.0,2.0,0
ACP_negative_443,13.0,1.0,2.0,0.0,0
ACP_negative_444,8.0,1.0,1.0,0.0,0
ACP_negative_445,5.0,0.0,0.0,0.0,0
ACP_negative_446,13.0,2.0,0.0,0.0,0
ACP_negative_447,3.0,2.0,2.0,1.0,0
ACP_negative_448,7.0,4.0,1.0,0.0,0
ACP_negative_449,6.0,2.0,0.0,1.0,0
ACP_negative_450,9.0,1.0,2.0,0.0,0
ACP_negative_451,2.0,1.0,0.0,0.0,0
ACP_negative_452,9.0,1.0,1.0,0.0,0
ACP_negative_453,14.0,1.0,1.0,0.0,0
ACP_negative_454,4.0,1.0,0.0,0.0,0
ACP_negative_455,8.0,1.0,1.0,0.0,0
ACP_negative_456,7.0,1.0,2.0,0.0,0
ACP_negative_457,13.0,1.0,1.0,0.0,0
ACP_negative_458,6.0,0.0,5.0,0.0,0
ACP_negative_459,3.0,2.0,0.0,0.0,0
ACP_negative_460,7.0,1.0,3.0,0.0,0
ACP_negative_461,6.0,2.0,1.0,2.0,0
ACP_negative_462,5.0,0.0,1.0,0.0,0
ACP_negative_463,8.0,1.0,1.0,0.0,0
ACP_negative_464,7.0,1.0,2.0,0.0,0
ACP_negative_465,4.0,2.0,1.0,1.0,0
ACP_negative_466,2.0,2.0,1.0,1.0,0
ACP_negative_467,12.0,1.0,3.0,0.0,0
ACP_negative_468,4.0,2.0,1.0,0.0,0
ACP_negative_469,3.0,2.0,0.0,0.0,0
ACP_negative_470,7.0,1.0,0.0,1.0,0
ACP_negative_471,14.0,0.0,1.0,0.0,0
ACP_negative_472,4.0,2.0,0.0,1.0,0
ACP_negative_473,0.0,1.0,1.0,0.0,0
ACP_negative_474,5.0,1.0,1.0,1.0,0
ACP_negative_475,10.0,0.0,2.0,0.0,0
ACP_negative_476,7.0,2.0,2.0,0.0,0
ACP_negative_477,13.0,0.0,1.0,0.0,0
ACP_negative_478,4.0,2.0,1.0,0.0,0
ACP_negative_479,11.0,3.0,2.0,1.0,0
ACP_negative_480,3.0,1.0,1.0,1.0,0
ACP_negative_481,11.0,1.0,1.0,0.0,0
ACP_negative_482,5.0,1.0,0.0,0.0,0
ACP_negative_483,1.0,1.0,1.0,0.0,0
ACP_negative_484,2.0,1.0,1.0,1.0,0
ACP_negative_485,11.0,2.0,1.0,0.0,0
ACP_negative_486,1.0,0.0,1.0,2.0,0
ACP_negative_487,11.0,1.0,2.0,0.0,0
ACP_negative_488,6.0,2.0,3.0,0.0,0
ACP_negative_489,12.0,1.0,2.0,0.0,0
ACP_negative_490,6.0,1.0,0.0,0.0,0
ACP_negative_491,7.0,2.0,0.0,1.0,0
ACP_negative_492,6.0,2.0,0.0,0.0,0
ACP_negative_493,1.0,1.0,2.0,1.0,0
ACP_negative_494,7.0,1.0,1.0,0.0,0
ACP_negative_495,10.0,3.0,1.0,0.0,0
ACP_negative_496,10.0,1.0,1.0,1.0,0
ACP_negative_497,9.0,2.0,2.0,0.0,0
ACP_negative_498,3.0,3.0,1.0,0.0,0
ACP_negative_499,4.0,2.0,2.0,0.0,0
ACP_negative_500,7.0,0.0,2.0,0.0,0
ACP_negative_501,9.0,2.0,0.0,0.0,0
ACP_negative_502,8.0,0.0,0.0,0.0,0
ACP_negative_503,7.0,1.0,2.0,0.0,0
ACP_negative_504,12.0,2.0,1.0,0.0,0
ACP_negative_505,3.0,0.0,1.0,0.0,0
ACP_negative_506,4.0,0.0,2.0,0.0,0
ACP_negative_507,3.0,3.0,0.0,1.0,0
ACP_negative_508,5.0,1.0,0.0,0.0,0
ACP_negative_509,11.0,3.0,2.0,0.0,0
ACP_negative_510,3.0,1.0,0.0,0.0,0
ACP_negative_511,11.0,1.0,1.0,0.0,0
ACP_negative_512,5.0,2.0,0.0,1.0,0
ACP_negative_513,9.0,1.0,1.0,1.0,0
ACP_negative_514,3.0,2.0,1.0,2.0,0
ACP_negative_515,11.0,1.0,1.0,1.0,0
ACP_negative_516,7.0,5.0,2.0,0.0,0
ACP_negative_517,12.0,3.0,0.0,0.0,0
ACP_negative_518,11.0,0.0,2.0,0.0,0
ACP_negative_519,10.0,1.0,0.0,0.0,0
ACP_negative_520,3.0,1.0,0.0,0.0,0
ACP_negative_521,3.0,1.0,1.0,0.0,0
ACP_negative_522,3.0,0.0,2.0,0.0,0
ACP_negative_523,2.0,1.0,0.0,0.0,0
ACP_negative_524,4.0,2.0,0.0,0.0,0
ACP_negative_525,4.0,3.0,1.0,0.0,0
ACP_negative_526,8.0,3.0,0.0,0.0,0
ACP_negative_527,1.0,1.0,1.0,1.0,0
ACP_negative_528,4.0,2.0,1.0,0.0,0
ACP_negative_529,7.0,5.0,5.0,0.0,0
ACP_negative_530,5.0,0.0,2.0,0.0,0
ACP_negative_531,7.0,1.0,3.0,0.0,0
ACP_negative_532,3.0,0.0,2.0,0.0,0
ACP_negative_533,3.0,2.0,1.0,0.0,0
ACP_negative_534,6.0,1.0,2.0,1.0,0
ACP_negative_535,3.0,1.0,0.0,0.0,0
ACP_negative_536,2.0,1.0,1.0,1.0,0
ACP_negative_537,8.0,0.0,3.0,0.0,0
ACP_negative_538,5.0,0.0,2.0,1.0,0
ACP_negative_539,3.0,2.0,1.0,0.0,0
ACP_negative_540,1.0,0.0,1.0,0.0,0
ACP_negative_541,4.0,1.0,0.0,1.0,0
ACP_negative_542,3.0,1.0,0.0,0.0,0
ACP_negative_543,7.0,1.0,1.0,1.0,0
ACP_negative_544,3.0,1.0,0.0,0.0,0
ACP_negative_545,14.0,0.0,1.0,0.0,0
ACP_negative_546,12.0,2.0,1.0,0.0,0
ACP_negative_547,4.0,1.0,1.0,0.0,0
ACP_negative_548,1.0,1.0,0.0,1.0,0
ACP_negative_549,12.0,0.0,1.0,0.0,0
ACP_negative_550,1.0,1.0,1.0,0.0,0
ACP_negative_551,7.0,1.0,1.0,0.0,0
ACP_negative_552,8.0,1.0,1.0,0.0,0
ACP_negative_553,0.0,1.0,1.0,1.0,0
ACP_negative_554,4.0,0.0,1.0,1.0,0
ACP_negative_555,7.0,2.0,2.0,0.0,0
ACP_negative_556,11.0,1.0,2.0,0.0,0
ACP_negative_557,2.0,0.0,0.0,0.0,0
ACP_negative_558,10.0,0.0,2.0,0.0,0
ACP_negative_559,8.0,0.0,2.0,0.0,0
ACP_negative_560,5.0,2.0,0.0,0.0,0
ACP_negative_561,5.0,1.0,0.0,1.0,0
ACP_negative_562,2.0,3.0,1.0,0.0,0
ACP_negative_563,4.0,1.0,0.0,2.0,0
ACP_negative_564,9.0,1.0,2.0,1.0,0
ACP_negative_565,5.0,2.0,2.0,0.0,0
ACP_negative_566,2.0,0.0,0.0,0.0,0
ACP_negative_567,3.0,2.0,1.0,1.0,0
ACP_negative_568,12.0,1.0,1.0,0.0,0
ACP_negative_569,10.0,2.0,2.0,1.0,0
ACP_negative_570,9.0,2.0,1.0,0.0,0
ACP_negative_571,6.0,2.0,1.0,0.0,0
ACP_negative_572,14.0,1.0,0.0,0.0,0
ACP_negative_573,4.0,0.0,0.0,1.0,0
ACP_negative_574,2.0,3.0,2.0,0.0,0
ACP_negative_575,5.0,2.0,2.0,0.0,0
ACP_negative_576,8.0,2.0,0.0,0.0,0
ACP_negative_577,9.0,0.0,2.0,0.0,0
ACP_negative_578,6.0,2.0,2.0,0.0,0
ACP_negative_579,6.0,5.0,6.0,0.0,0
ACP_negative_580,3.0,0.0,0.0,0.0,0
ACP_negative_581,8.0,2.0,0.0,0.0,0
ACP_negative_582,6.0,2.0,0.0,0.0,0
ACP_negative_583,5.0,1.0,1.0,0.0,0
ACP_negative_584,7.0,1.0,2.0,1.0,0
ACP_negative_585,10.0,4.0,1.0,1.0,0
ACP_negative_586,6.0,2.0,0.0,1.0,0
ACP_negative_587,13.0,1.0,2.0,0.0,0
ACP_negative_588,4.0,2.0,0.0,0.0,0
ACP_negative_589,0.0,0.0,2.0,1.0,0
ACP_negative_590,10.0,1.0,1.0,1.0,0
ACP_negative_591,5.0,0.0,0.0,1.0,0
ACP_negative_592,11.0,2.0,3.0,0.0,0
ACP_negative_593,3.0,2.0,1.0,0.0,0
ACP_negative_594,16.0,0.0,1.0,0.0,0
ACP_negative_595,5.0,2.0,1.0,1.0,0
ACP_negative_596,4.0,0.0,1.0,1.0,0
ACP_negative_597,13.0,3.0,0.0,0.0,0
ACP_negative_598,7.0,1.0,4.0,0.0,0
ACP_negative_599,2.0,0.0,1.0,1.0,0
ACP_negative_600,9.0,3.0,2.0,2.0,0
ACP_negative_601,4.0,1.0,0.0,0.0,0
ACP_negative_602,4.0,1.0,0.0,0.0,0
ACP_negative_603,5.0,1.0,0.0,0.0,0
ACP_negative_604,4.0,1.0,1.0,0.0,0
ACP_negative_605,5.0,0.0,1.0,2.0,0
ACP_negative_606,6.0,1.0,0.0,2.0,0
ACP_negative_607,7.0,3.0,1.0,0.0,0
ACP_negative_608,4.0,2.0,1.0,0.0,0
ACP_negative_609,4.0,0.0,2.0,0.0,0
ACP_negative_610,10.0,3.0,0.0,0.0,0
ACP_negative_611,5.0,1.0,0.0,0.0,0
ACP_negative_612,4.0,2.0,1.0,1.0,0
ACP_negative_613,3.0,0.0,0.0,0.0,0
ACP_negative_614,2.0,1.0,1.0,0.0,0
ACP_negative_615,2.0,0.0,1.0,0.0,0
ACP_negative_616,8.0,0.0,0.0,0.0,0
ACP_negative_617,6.0,1.0,1.0,0.0,0
ACP_negative_618,3.0,2.0,1.0,0.0,0
ACP_negative_619,4.0,1.0,0.0,1.0,0
ACP_negative_620,8.0,2.0,0.0,0.0,0
ACP_negative_621,6.0,1.0,1.0,0.0,0
ACP_negative_622,8.0,2.0,1.0,0.0,0
ACP_negative_623,3.0,3.0,0.0,1.0,0
ACP_negative_624,12.0,1.0,2.0,1.0,0
ACP_negative_625,1.0,1.0,1.0,0.0,0
ACP_negative_626,2.0,1.0,1.0,0.0,0
ACP_negative_627,2.0,2.0,0.0,0.0,0
ACP_negative_628,6.0,3.0,0.0,0.0,0
ACP_negative_629,9.0,3.0,0.0,0.0,0
ACP_negative_630,4.0,1.0,1.0,2.0,0
ACP_negative_631,12.0,0.0,0.0,0.0,0
ACP_negative_632,5.0,1.0,1.0,1.0,0
ACP_negative_633,1.0,1.0,0.0,2.0,0
ACP_negative_634,8.0,1.0,1.0,0.0,0
ACP_negative_635,10.0,4.0,1.0,0.0,0
ACP_negative_636,12.0,2.0,1.0,1.0,0
ACP_negative_637,5.0,0.0,1.0,0.0,0
ACP_negative_638,1.0,1.0,0.0,2.0,0
ACP_negative_639,5.0,1.0,0.0,0.0,0
ACP_negative_640,12.0,2.0,2.0,0.0,0
ACP_negative_641,9.0,2.0,1.0,0.0,0
ACP_negative_642,12.0,2.0,2.0,0.0,0
ACP_negative_643,8.0,0.0,3.0,0.0,0
ACP_negative_644,13.0,0.0,0.0,1.0,0
ACP_negative_645,8.0,2.0,1.0,0.0,0
ACP_negative_646,0.0,1.0,2.0,1.0,0
ACP_negative_647,4.0,1.0,0.0,1.0,0
ACP_negative_648,4.0,2.0,0.0,1.0,0
ACP_negative_649,8.0,3.0,1.0,1.0,0
ACP_negative_650,10.0,0.0,1.0,0.0,0
ACP_negative_651,7.0,4.0,2.0,0.0,0
ACP_negative_652,12.0,1.0,0.0,0.0,0
ACP_negative_653,6.0,1.0,4.0,0.0,0
ACP_negative_654,9.0,2.0,0.0,0.0,0
ACP_negative_655,10.0,0.0,2.0,0.0,0
ACP_negative_656,5.0,1.0,1.0,0.0,0
ACP_negative_657,13.0,1.0,1.0,0.0,0
ACP_negative_658,5.0,0.0,3.0,0.0,0
ACP_negative_659,6.0,3.0,2.0,0.0,0
ACP_negative_660,4.0,0.0,0.0,0.0,0
ACP_negative_661,2.0,2.0,2.0,0.0,0
ACP_negative_662,8.0,1.0,0.0,1.0,0
ACP_negative_663,3.0,1.0,1.0,0.0,0
ACP_negative_664,14.0,0.0,1.0,0.0,0
ACP_negative_665,3.0,1.0,2.0,1.0,0
ACP_negative_666,2.0,0.0,0.0,1.0,0
ACP_negative_667,2.0,1.0,1.0,1.0,0
ACP_negative_668,7.0,1.0,1.0,0.0,0
ACP_negative_669,13.0,1.0,1.0,0.0,0
ACP_negative_670,1.0,1.0,1.0,0.0,0
ACP_negative_671,6.0,0.0,1.0,0.0,0
ACP_negative_672,2.0,3.0,1.0,1.0,0
ACP_negative_673,11.0,2.0,2.0,0.0,0
ACP_negative_674,3.0,0.0,0.0,0.0,0
ACP_negative_675,1.0,1.0,1.0,0.0,0
ACP_negative_676,9.0,2.0,2.0,0.0,0
ACP_negative_677,3.0,1.0,1.0,0.0,0
ACP_negative_678,6.0,3.0,1.0,0.0,0
ACP_negative_679,4.0,0.0,0.0,0.0,0
ACP_negative_680,7.0,2.0,2.0,1.0,0
ACP_negative_681,6.0,1.0,1.0,0.0,0
ACP_negative_682,5.0,1.0,0.0,1.0,0
ACP_negative_683,7.0,3.0,2.0,0.0,0
ACP_negative_684,2.0,3.0,2.0,0.0,0
ACP_negative_685,5.0,0.0,1.0,0.0,0
ACP_negative_686,9.0,2.0,1.0,1.0,0
ACP_negative_687,4.0,2.0,1.0,0.0,0
ACP_negative_688,8.0,3.0,1.0,0.0,0
